character,credit_id,order,adult,gender,id,known_for_department,name,original_name,popularity,profile_path,episodeId,seasonNumber,episodeNumber
Clapping Customer,60115b0b46f3540041b70d3d,51,False,0,2954377,Acting,Jessaica Shields,Jessaica Shields,0.6,,1142033,1,1
Cloud 9 Employee,60115c68d7cd06003e097917,61,False,0,2954382,Acting,Preston Bradley,Preston Bradley,0.6,,1142033,1,1
Photographer,60115aea7f1d8300406e8c51,63,False,2,205209,Acting,Josh Fadem,Josh Fadem,1.646,/zeAQZiPbVIcELbSvkTEfNwebWcX.jpg,1142033,1,1
Cynthia,60115b46ea84c7003dbba0f4,63,False,1,210050,Acting,Eliza Coupe,Eliza Coupe,3.858,/uscVJ5XW8pA74wPaT29OlIx1Fy5.jpg,1142033,1,1
Soccer Mom,60115b79cb8028004108d1df,63,False,0,1192420,Acting,Porter Kelly,Porter Kelly,0.6,/fnNgGnGPti4QmDhlpBCz3b10Z8B.jpg,1142033,1,1
Hindi Speaking Man,60115b9fa35c8e003e618409,63,False,2,1430636,Acting,Pramod Kumar,Pramod Kumar,0.69,/3FYE1ljXkjNoyYFMuRAThNHKv7h.jpg,1142033,1,1
Frank,60115bbcccde04003f26eba9,63,False,2,1709432,Acting,Rodney J. Hobbs,Rodney J. Hobbs,0.6,/5dDe13QATRxCbJZdAXARgaWAlIx.jpg,1142033,1,1
Customer,60115c230e597b003f369934,64,False,2,205349,Acting,Omar Leyva,Omar Leyva,0.6,/mpUNAbWsmIEH27JqWmMKTJBedBG.jpg,1142033,1,1
Sad-Looking Woman,60115c3dd7cd06003f090975,64,False,0,1297137,Acting,Amanda Reed,Amanda Reed,0.6,/92vz1bxHY6wRNoNxEvbcLz0wAc5.jpg,1142033,1,1
Herman,60115bd20816c700427fdda7,78,False,2,1444832,Acting,Thomas W. Ashworth,Thomas W. Ashworth,1.287,/dKpLc5cSkElWyv1TgmKfP1nVTc2.jpg,1142033,1,1
Homeless Man,60115c83d9f4a6003f3a0d9d,102,False,0,1209716,Acting,Mike Cochrane,Mike Cochrane,1.052,,1142033,1,1
Sal Kazlauskas,60115c080e597b0040372c34,105,False,2,9996,Acting,Sean Whalen,Sean Whalen,2.965,/nUPHcRagVWhH21mIS4Qdeoclhr5.jpg,1142033,1,1
Bo,600f07302a210c00419e4275,321,False,2,1060081,Acting,Johnny Pemberton,Johnny Pemberton,1.456,/qP7y28lDW5wzUAUQ2sx6741Hx7a.jpg,1142033,1,1
Uptight Lady,60115b22dd83fa003d9b5670,323,False,1,1404102,Acting,Betsy Sodaro,Betsy Sodaro,1.4,/9bMACXZdz4QHMc9Ew4WYIYVL5VH.jpg,1142033,1,1
Sandra Kaluiokalani,5e47064e3dd12600145e329c,6,False,1,1376123,Acting,Kaliko Kauahi,Kaliko Kauahi,1.794,/wM6Ap13OMbFfFgj3bAEH40aebUB.jpg,1142034,1,2
Photographer,60115aea7f1d8300406e8c51,63,False,2,205209,Acting,Josh Fadem,Josh Fadem,1.646,/zeAQZiPbVIcELbSvkTEfNwebWcX.jpg,1142034,1,2
Cynthia,60115b46ea84c7003dbba0f4,63,False,1,210050,Acting,Eliza Coupe,Eliza Coupe,3.858,/uscVJ5XW8pA74wPaT29OlIx1Fy5.jpg,1142034,1,2
Soccer Mom,60115b79cb8028004108d1df,63,False,0,1192420,Acting,Porter Kelly,Porter Kelly,0.6,/fnNgGnGPti4QmDhlpBCz3b10Z8B.jpg,1142034,1,2
Hindi Speaking Man,60115b9fa35c8e003e618409,63,False,2,1430636,Acting,Pramod Kumar,Pramod Kumar,0.69,/3FYE1ljXkjNoyYFMuRAThNHKv7h.jpg,1142034,1,2
Frank,60115bbcccde04003f26eba9,63,False,2,1709432,Acting,Rodney J. Hobbs,Rodney J. Hobbs,0.6,/5dDe13QATRxCbJZdAXARgaWAlIx.jpg,1142034,1,2
Customer,60115c230e597b003f369934,64,False,2,205349,Acting,Omar Leyva,Omar Leyva,0.6,/mpUNAbWsmIEH27JqWmMKTJBedBG.jpg,1142034,1,2
Sad-Looking Woman,60115c3dd7cd06003f090975,64,False,0,1297137,Acting,Amanda Reed,Amanda Reed,0.6,/92vz1bxHY6wRNoNxEvbcLz0wAc5.jpg,1142034,1,2
Herman,60115bd20816c700427fdda7,78,False,2,1444832,Acting,Thomas W. Ashworth,Thomas W. Ashworth,1.287,/dKpLc5cSkElWyv1TgmKfP1nVTc2.jpg,1142034,1,2
Sal Kazlauskas,60115c080e597b0040372c34,105,False,2,9996,Acting,Sean Whalen,Sean Whalen,2.965,/nUPHcRagVWhH21mIS4Qdeoclhr5.jpg,1142034,1,2
Bo,600f07302a210c00419e4275,321,False,2,1060081,Acting,Johnny Pemberton,Johnny Pemberton,1.456,/qP7y28lDW5wzUAUQ2sx6741Hx7a.jpg,1142034,1,2
Uptight Lady,60115b22dd83fa003d9b5670,323,False,1,1404102,Acting,Betsy Sodaro,Betsy Sodaro,1.4,/9bMACXZdz4QHMc9Ew4WYIYVL5VH.jpg,1142034,1,2
Carmen,6012a10146f3540040b6c44d,65,False,1,1159007,Acting,Grace Parra,Grace Parra,0.732,,1142135,1,3
Sweet Woman,6012a170d9f4a600413ce249,68,False,1,1212225,Acting,Jodi Carlisle,Jodi Carlisle,1.176,/aSthDn8AHUxZPBYgqEbXmJRYqKw.jpg,1142135,1,3
Biker,6012a189c3c891003e400cfc,69,False,2,154932,Acting,Jayden Lund,Jayden Lund,1.4,/soWrb6CAHEMB2kws2LVeYQ5bIu.jpg,1142135,1,3
Elderly Lady,6012a1a799d5c30041588456,70,False,1,177838,Acting,Jill Basey,Jill Basey,1.073,/vgUJKzIS8DJE1S5z0B1yFtOO5Wz.jpg,1142135,1,3
Pharmacy Customer,6012a1c60e597b003e37083f,71,False,2,1214190,Acting,Lawrence Mandley,Lawrence Mandley,1.884,,1142135,1,3
Midwestern Customer,6012a1e799d5c3003f58cd80,72,False,1,1256257,Acting,Tracy Weisert,Tracy Weisert,0.6,/7M5W10o7phpSC7vmqv2v9QT7lgD.jpg,1142135,1,3
Man In Line,6012a1ffb5bc21003d967fd7,73,False,0,1350869,Acting,David L. King,David L. King,0.6,,1142135,1,3
Outraged Customer,6012a22e99d5c3004059337f,74,False,2,1212855,Acting,Michael Merton,Michael Merton,0.6,,1142135,1,3
Pre-School Teacher,6012a257d9f4a600413ce331,75,False,1,1448697,Acting,Jina Song,Jina Song,0.732,,1142135,1,3
Pregnant Woman,6012a27146f3540041b99192,76,False,0,1941861,Acting,Chris Farah,Chris Farah,0.6,/9sVC3nvCRkOWS8I0PGndvxyusln.jpg,1142135,1,3
Corporate Woman,6012a154ea84c7003ebe68bd,164,False,1,1060406,Acting,Beth Curry,Beth Curry,0.6,,1142135,1,3
Larry,6012a115cb8028003e085f2f,193,False,2,1184279,Acting,Matt Oberg,Matt Oberg,0.6,/kMMqMnG9TGYCcgldFAFUUajoomq.jpg,1142135,1,3
Tate,6012a0e4d9f4a600413ce18c,237,False,2,189230,Acting,Josh Lawson,Josh Lawson,3.528,/Am9vM77uZd9bGODugwmWtOfzx6E.jpg,1142135,1,3
Elias,6012a28dcb8028004006b40c,271,False,0,2955467,Acting,Danny Gura,Danny Gura,0.694,/vGWyI5FThuvq6A6TrEag36zBexu.jpg,1142135,1,3
Herman,60115bd20816c700427fdda7,78,False,2,1444832,Acting,Thomas W. Ashworth,Thomas W. Ashworth,1.287,/dKpLc5cSkElWyv1TgmKfP1nVTc2.jpg,1142136,1,4
Customer,6012a33fdd83fa004099d392,78,False,2,145806,Acting,Carlos Antonio,Carlos Antonio,0.833,/oGx8gXgrduboESiIHFDkKV0uvDI.jpg,1142136,1,4
Bo,600f07302a210c00419e4275,321,False,2,1060081,Acting,Johnny Pemberton,Johnny Pemberton,1.456,/qP7y28lDW5wzUAUQ2sx6741Hx7a.jpg,1142136,1,4
Carol,600a8ac7c2ff3d003d3a745f,323,False,1,1388928,Acting,Irene White,Irene White,1.056,/h36SC97lS8Fy46viYlrp4sCNRJG.jpg,1142136,1,4
Julie,6012a381ea84c7003dbdd710,79,False,1,1214835,Acting,Natasha Leggero,Natasha Leggero,1.93,/v8aWI7x8rCHm5BqidbLtMXfz55C.jpg,1142137,1,5
Mom With Baby,6012a44fccde04003f28baf0,81,False,0,1371527,Acting,Vivian Kerr,Vivian Kerr,0.6,,1142137,1,5
Camouflage Shopper,6012a4721b70ae003e5c2a84,82,False,2,1718197,Acting,Barrett James,Barrett James,0.6,/30BtITPO0QmPH2g7Vbw8cOKM8Ft.jpg,1142137,1,5
Shopper,6012a48a458199003c23875b,83,False,0,1569771,Acting,Jenna Osterlund,Jenna Osterlund,0.6,,1142137,1,5
Emma Dubanowski,6012a3feea84c7003ebe6b23,203,False,0,1891899,Acting,Isabella Day,Isabella Day,0.98,/gIZtCNCCpdTKcF0UZ7rlNse1cpM.jpg,1142137,1,5
Myrtle,5d9269b40f52650022c3c8da,271,False,1,116229,Acting,Linda Porter,Linda Porter,1.577,/AlLTmxIDEARLahCdPTcCeDrasgo.jpg,1142137,1,5
Card Shopper,6012a4d61b70ae003e5c2c16,84,False,2,51663,Acting,Sean Gunn,Sean Gunn,2.636,/ieObwqSHpeJ0rvlPoYiBfrXcDDh.jpg,1142139,1,6
Pet Owner,6012a4ef0e597b003e3709ed,85,False,1,1470346,Acting,Diona Reasonover,Diona Reasonover,2.744,/1X7UkPIA6hnGlOMAoq4gHxIChY2.jpg,1142139,1,6
Secret Shopper,6012a50f1b70ae003f5bf1b7,86,False,0,2091800,Acting,Nick Bush,Nick Bush,0.6,,1142139,1,6
Elderly Customer,6012a530ccde04003e298061,87,False,1,1532924,Acting,Anne Johnson,Anne Johnson,0.6,,1142139,1,6
Attractive Woman,6012a54d0816c7004182e49e,88,False,1,1446850,Acting,Seema Lazar,Seema Lazar,0.6,/nU4ysGTzhn5Pe0t3cIJt7WdTJmi.jpg,1142139,1,6
Teenager,6012a565fd4a96004133c00d,89,False,2,2846704,Acting,Brendan Calton,Brendan Calton,0.6,,1142139,1,6
Cloud 9 Employee,6012a581ccde04004128f6e5,90,False,0,1384969,Acting,Brendan McNamara,Brendan McNamara,0.98,,1142139,1,6
Manager,6012a59afd4a96003e341006,91,False,2,1301296,Acting,Will Hines,Will Hines,0.6,/99HKOhDLvp705ovAa9mK4Kj6jnZ.jpg,1142139,1,6
Lost Customer,6012a5b60e597b003e370a7b,92,False,2,1014644,Acting,Kent Avenido,Kent Avenido,1.4,/b46knyHBsdNZEfzz3vwph2Qco3q.jpg,1142139,1,6
Cloud 9 Shopper,6012a5d8dd83fa003d9dcc8c,93,False,0,2774817,Production,Seth Bellinger,Seth Bellinger,0.6,,1142139,1,6
Indecisive Shopper,6012a639c3c891004440abb1,95,False,2,1394353,Acting,Tim Baltz,Tim Baltz,0.6,,1142140,1,7
Bike Shopper,6012a657b5bc21003e996a20,96,False,0,1727575,Acting,David Theune,David Theune,1.4,/zNadeApQk3UBQL6I4gEORdeDng6.jpg,1142140,1,7
Rich Woman,6012a66f46f3540041b99775,97,False,1,1219571,Acting,Erin Matthews,Erin Matthews,0.6,,1142140,1,7
Judith,6012a6a099d5c3004059396f,98,False,0,2581191,Acting,Juanita Guzman,Juanita Guzman,0.6,,1142140,1,7
Myrtle,5d9269b40f52650022c3c8da,271,False,1,116229,Acting,Linda Porter,Linda Porter,1.577,/AlLTmxIDEARLahCdPTcCeDrasgo.jpg,1142140,1,7
Adam,6012a619b5bc21003b9889be,273,False,2,973223,Acting,Ryan Gaul,Ryan Gaul,0.706,/odVCSzMm1IiM4hBZ28Oam5NZRUL.jpg,1142140,1,7
Russell,6012a6ee46f3540041b99794,99,False,2,98392,Acting,Parvesh Cheena,Parvesh Cheena,0.972,/8N9EwDfLezI8b3v7ELW4aTCSixV.jpg,1142141,1,8
Andy,6012a70a0e597b004039a052,100,False,2,1171718,Acting,Bryan Safi,Bryan Safi,0.6,/hBcUURvtJwbcvWV62ZNRtKwizgB.jpg,1142141,1,8
Dress Shopper,6012a733b5bc21003d968476,101,False,1,1025357,Acting,Emily Berry,Emily Berry,0.703,/y6QJUcSiLRePjlztOCKvk8KUxKg.jpg,1142141,1,8
Homeless Man,60115c83d9f4a6003f3a0d9d,102,False,0,1209716,Acting,Mike Cochrane,Mike Cochrane,1.052,,1142141,1,8
Bo,600f07302a210c00419e4275,321,False,2,1060081,Acting,Johnny Pemberton,Johnny Pemberton,1.456,/qP7y28lDW5wzUAUQ2sx6741Hx7a.jpg,1142141,1,8
Lingering Customer,6012a79ad9f4a6003f3c4008,102,False,0,1452955,Acting,Nate Shelkey,Nate Shelkey,0.6,,1142142,1,9
Man,6012a7ccc3c891003f4033b8,103,False,0,1710456,Acting,Rob Mathes,Rob Mathes,0.6,/fXO7lMRbsBLXlwh1gJKyzezz9Ir.jpg,1142142,1,9
Myrtle,5d9269b40f52650022c3c8da,271,False,1,116229,Acting,Linda Porter,Linda Porter,1.577,/AlLTmxIDEARLahCdPTcCeDrasgo.jpg,1142142,1,9
Returns Customer,6012a8750816c70042821935,104,False,2,1544806,Acting,Ervin Ross,Ervin Ross,0.6,/qn5Ew6hGfvV7N6JETkTuXIMYEwI.jpg,1142143,1,10
Sal Kazlauskas,60115c080e597b0040372c34,105,False,2,9996,Acting,Sean Whalen,Sean Whalen,2.965,/nUPHcRagVWhH21mIS4Qdeoclhr5.jpg,1142143,1,10
Tate,6012a0e4d9f4a600413ce18c,237,False,2,189230,Acting,Josh Lawson,Josh Lawson,3.528,/Am9vM77uZd9bGODugwmWtOfzx6E.jpg,1142143,1,10
Myrtle,5d9269b40f52650022c3c8da,271,False,1,116229,Acting,Linda Porter,Linda Porter,1.577,/AlLTmxIDEARLahCdPTcCeDrasgo.jpg,1142143,1,10
Sal Kazlauskas,60115c080e597b0040372c34,105,False,2,9996,Acting,Sean Whalen,Sean Whalen,2.965,/nUPHcRagVWhH21mIS4Qdeoclhr5.jpg,1142144,1,11
Uptight Customer,6012a8ee0e597b004039a4ca,105,False,1,1404102,Acting,Betsy Sodaro,Betsy Sodaro,1.4,/9bMACXZdz4QHMc9Ew4WYIYVL5VH.jpg,1142144,1,11
Steve,6012a9100e597b004039a4e2,106,False,2,87034,Acting,Dan Bucatinsky,Dan Bucatinsky,2.135,/5MmGUnWjNeOwcWhndqhQPi7URvv.jpg,1142144,1,11
Customer,6012aa09458199003d2249c9,107,False,2,120723,Acting,Frank Maharajh,Frank Maharajh,0.6,/rwxuYQ86YxlcZreIiXwLsRYorSY.jpg,1142144,1,11
Tate,6012a0e4d9f4a600413ce18c,237,False,2,189230,Acting,Josh Lawson,Josh Lawson,3.528,/Am9vM77uZd9bGODugwmWtOfzx6E.jpg,1142144,1,11
Myrtle,5d9269b40f52650022c3c8da,271,False,1,116229,Acting,Linda Porter,Linda Porter,1.577,/AlLTmxIDEARLahCdPTcCeDrasgo.jpg,1142144,1,11
Elias,6012a28dcb8028004006b40c,271,False,0,2955467,Acting,Danny Gura,Danny Gura,0.694,/vGWyI5FThuvq6A6TrEag36zBexu.jpg,1142144,1,11
Missy Jones,6012aa4699d5c30040593e94,108,False,1,1093919,Acting,Cecily Strong,Cecily Strong,1.525,/g1WbsojbgQAB72UfUJnNWPaB4b5.jpg,1319363,2,1
Tara Lipinski,6012aa5fdd83fa003d9dd313,109,False,1,155700,Acting,Tara Lipinski,Tara Lipinski,0.6,/m4FuO2vNOu5OIeQagDG5hC03ANu.jpg,1319363,2,1
McKayla Maroney,6012aa76ccde04004128fafe,110,False,1,1781826,Acting,McKayla Maroney,McKayla Maroney,0.6,/jAvgL4E7I1MbRPaQjbANeDOJdal.jpg,1319363,2,1
Apolo Ohno,6012aa9546f3540041b99da5,111,False,0,1218655,Acting,Apolo Ohno,Apolo Ohno,0.6,,1319363,2,1
Darren,6012ab1b0816c7004081939f,195,False,2,2155179,Acting,Hermie Castillo,Hermie Castillo,1.8,/AqCmqKY0EfRaPZkgZg6kmgoJwvt.jpg,1319363,2,1
Myrtle,5d9269b40f52650022c3c8da,271,False,1,116229,Acting,Linda Porter,Linda Porter,1.577,/AlLTmxIDEARLahCdPTcCeDrasgo.jpg,1319363,2,1
Elias,6012a28dcb8028004006b40c,271,False,0,2955467,Acting,Danny Gura,Danny Gura,0.694,/vGWyI5FThuvq6A6TrEag36zBexu.jpg,1319363,2,1
Justine,600a88154d0e8d003d6ff7b8,323,False,1,1096728,Acting,Kelly Schumann,Kelly Schumann,0.84,/5bO6wy2KKDlcID96aDSlkRpcJ7a.jpg,1319363,2,1
Carol,600a8ac7c2ff3d003d3a745f,323,False,1,1388928,Acting,Irene White,Irene White,1.056,/h36SC97lS8Fy46viYlrp4sCNRJG.jpg,1319363,2,1
Nikki,6012ab78b5bc21003b989282,114,False,1,1223438,Acting,Sarah Dumont,Sarah Dumont,3.308,/lW6Qxv5OYfHxdwy7UIalIjpdL07.jpg,1208777,2,2
Dougie,6012ab9d458199003e235382,115,False,2,1656032,Acting,Ely Henry,Ely Henry,0.6,/51lilnUfFmIgteAlLWHrUqEorZK.jpg,1208777,2,2
Mo Frank,6012abd0b5bc21003c97c982,116,False,0,60200,Acting,Bob Wiltfong,Bob Wiltfong,1.431,,1208777,2,2
Maggie,6012abe8458199003e2353c2,117,False,1,39127,Acting,Lisa K. Wyatt,Lisa K. Wyatt,1.216,/dgaZujuWeS7B2UjXqiRRN0apRtn.jpg,1208777,2,2
Myrtle,5d9269b40f52650022c3c8da,271,False,1,116229,Acting,Linda Porter,Linda Porter,1.577,/AlLTmxIDEARLahCdPTcCeDrasgo.jpg,1208777,2,2
Jeff,6012ab60d9f4a6003f3c47e9,314,False,2,81698,Acting,Michael Bunin,Michael Bunin,0.6,/qkbI48omCIaXNUIemOLAb7V91PF.jpg,1208777,2,2
Female Customer,6013f5443009aa0040b5501b,118,False,1,1536494,Acting,Carmella Riley,Carmella Riley,0.985,/2h6oQopplmNzcTi743c0HdmIbLE.jpg,1216144,2,3
Mary,6013f58ce72fe8003feefb0f,193,False,0,1705787,Acting,Blair Beeken,Blair Beeken,0.6,,1216144,2,3
Peter,6013f576c8a2d4003ff484c5,195,False,2,1590312,Acting,Nikhil Pai,Nikhil Pai,0.6,/xzCrbp6eyfV4M74tsEWoPA58rAM.jpg,1216144,2,3
Jeff,6012ab60d9f4a6003f3c47e9,314,False,2,81698,Acting,Michael Bunin,Michael Bunin,0.6,/qkbI48omCIaXNUIemOLAb7V91PF.jpg,1216144,2,3
Carol,600a8ac7c2ff3d003d3a745f,323,False,1,1388928,Acting,Irene White,Irene White,1.056,/h36SC97lS8Fy46viYlrp4sCNRJG.jpg,1216144,2,3
Janet,600a8f11dd83fa003d8f5cce,323,False,1,166685,Acting,Carla Renata,Carla Renata,0.861,/p1RiJ5nibeiGL6VmC4N6oo5U56m.jpg,1216144,2,3
Karen,5a1ad3d0c3a3680b8f03e2ff,2,False,0,1465285,Acting,Cloie Wyatt Taylor,Cloie Wyatt Taylor,0.98,/oJJZveBomfm8JoeSSCMG4uzYVQI.jpg,1224273,2,4
Eric,6013f6085ad76b004170d65b,121,False,2,5620,Acting,Kevin Farley,Kevin Farley,1.4,/jpXmfRfd3fzvyC0bBqEbw8R2Meu.jpg,1224273,2,4
Mike,6013f622d96c3c003f0c9a48,122,False,2,1226457,Acting,John O'Brien,John O'Brien,1.308,/wePt48Rdtl2q2MzgINF0KF3OGLb.jpg,1224273,2,4
Dean,6013f669cb8028004008044d,123,False,0,1852699,Sound,Jon Huck,Jon Huck,0.6,,1224273,2,4
Customer,6013f67cbe2d490042fde6e0,124,False,2,43965,Acting,Carlos Moreno Jr.,Carlos Moreno Jr.,0.764,/jMJRYlPLPPHVwvlVbzrkF8DBO8V.jpg,1224273,2,4
Michelle,6013f6971511aa003f50bf23,125,False,0,1445888,Acting,Kat Purgal,Kat Purgal,0.889,,1224273,2,4
Crowd Person,6013f6b7e72fe8003eee7fad,126,False,0,97405,Acting,Conor Duffy,Conor Duffy,0.6,,1224273,2,4
Tate,6012a0e4d9f4a600413ce18c,237,False,2,189230,Acting,Josh Lawson,Josh Lawson,3.528,/Am9vM77uZd9bGODugwmWtOfzx6E.jpg,1224273,2,4
Myrtle,5d9269b40f52650022c3c8da,271,False,1,116229,Acting,Linda Porter,Linda Porter,1.577,/AlLTmxIDEARLahCdPTcCeDrasgo.jpg,1224273,2,4
Adam,6012a619b5bc21003b9889be,273,False,2,973223,Acting,Ryan Gaul,Ryan Gaul,0.706,/odVCSzMm1IiM4hBZ28Oam5NZRUL.jpg,1224273,2,4
Kyle,6013f7060e597b00403bebd2,127,False,2,41565,Acting,Nate Torrence,Nate Torrence,1.496,/2reYlkNSYx94dOOAVcPTmuoTjW5.jpg,1224274,2,5
Adam,6012a619b5bc21003b9889be,273,False,2,973223,Acting,Ryan Gaul,Ryan Gaul,0.706,/odVCSzMm1IiM4hBZ28Oam5NZRUL.jpg,1224274,2,5
Cody,600a9231dd83fa003d8f5f85,314,False,2,131787,Acting,Felipe Esparza,Felipe Esparza,0.98,/5VLaNf2sWM4bhfqR7bRlOTqwvyx.jpg,1224274,2,5
Jeff,6012ab60d9f4a6003f3c47e9,314,False,2,81698,Acting,Michael Bunin,Michael Bunin,0.6,/qkbI48omCIaXNUIemOLAb7V91PF.jpg,1224274,2,5
Justine,600a88154d0e8d003d6ff7b8,323,False,1,1096728,Acting,Kelly Schumann,Kelly Schumann,0.84,/5bO6wy2KKDlcID96aDSlkRpcJ7a.jpg,1224274,2,5
Kathy,6013f782c3c891003f41c349,128,False,1,54718,Acting,Brooke Dillman,Brooke Dillman,2.43,/tmZM7jwbz8xMVGvp89T0TAhH1lL.jpg,1224275,2,6
Lydia,6013f7a6d266a2003e0c899f,129,False,1,1133063,Acting,Dana Gourrier,Dana Gourrier,1.943,/v3krc3R7LKMsHJEm8esPqEa7CR.jpg,1224275,2,6
Cole,6013f7d71b70ae003f5d9233,130,False,2,155416,Acting,Kevin Kirkpatrick,Kevin Kirkpatrick,0.6,/2xyYPajozspKyrEqguoXWAUOD0K.jpg,1224275,2,6
Male Customer,6013f7f2e72fe80040eebff5,131,False,0,2409163,Acting,Aaron Ikeda,Aaron Ikeda,0.694,,1224275,2,6
Bo,600f07302a210c00419e4275,321,False,2,1060081,Acting,Johnny Pemberton,Johnny Pemberton,1.456,/qP7y28lDW5wzUAUQ2sx6741Hx7a.jpg,1224275,2,6
Kelly,5a1a1d7a0e0a264cbe03370f,1,False,1,1400662,Acting,Cesili Williams,Cesili Williams,1.02,/pAvbb8JbseOAiALysiUAeWYMplP.jpg,1234243,2,7
Mom,6013f84cd266a2003d0ce32e,132,False,0,2956691,Acting,Jessica Arinella,Jessica Arinella,0.6,,1234243,2,7
Woman,6013f867028420003e2ede70,133,False,1,1495425,Acting,Michelle Gillette,Michelle Gillette,0.6,/msNIgsOGqGi0ctI5MMJpHcutm53.jpg,1234243,2,7
Emma Dubanowski,6012a3feea84c7003ebe6b23,203,False,0,1891899,Acting,Isabella Day,Isabella Day,0.98,/gIZtCNCCpdTKcF0UZ7rlNse1cpM.jpg,1234243,2,7
Myrtle,5d9269b40f52650022c3c8da,271,False,1,116229,Acting,Linda Porter,Linda Porter,1.577,/AlLTmxIDEARLahCdPTcCeDrasgo.jpg,1234243,2,7
Jeff,6012ab60d9f4a6003f3c47e9,314,False,2,81698,Acting,Michael Bunin,Michael Bunin,0.6,/qkbI48omCIaXNUIemOLAb7V91PF.jpg,1234243,2,7
Janet,600a8f11dd83fa003d8f5cce,323,False,1,166685,Acting,Carla Renata,Carla Renata,0.861,/p1RiJ5nibeiGL6VmC4N6oo5U56m.jpg,1234243,2,7
Naomi,6013f91a99d5c300405b69e6,134,False,1,134238,Acting,Azie Tesfai,Azie Tesfai,2.495,/fWQtyjPDHArabFap9w4GuDhv7Qf.jpg,1234244,2,8
Dorothy,6013f93c3009aa0041b5da67,135,False,1,1695658,Acting,Jayne Taini,Jayne Taini,0.6,/h5LSieXoaaqafx5nNQWz1GAX0GP.jpg,1234244,2,8
Syd,6013f94e1511aa004150f7aa,136,False,2,76033,Acting,Edward James Gage,Edward James Gage,0.6,,1234244,2,8
Jimmie Johnson,6013f96799d5c300405b6a1d,137,False,2,204415,Acting,Jimmie Johnson,Jimmie Johnson,0.6,,1234244,2,8
Cafe Employee,6013f9985ad76b004170d8c6,138,False,0,1442607,Acting,Dennis Hurley,Dennis Hurley,0.6,,1234244,2,8
Employee,6013f9b0bf0f6300410b2104,139,False,2,1215981,Acting,Dominic Pace,Dominic Pace,0.703,/1JgTgliJ5hXJIhtv31qtntfaXAX.jpg,1234244,2,8
Myrtle,5d9269b40f52650022c3c8da,271,False,1,116229,Acting,Linda Porter,Linda Porter,1.577,/AlLTmxIDEARLahCdPTcCeDrasgo.jpg,1234244,2,8
Tom,6013fa6b028420003d2e4416,140,False,2,57350,Acting,Donovan Scott,Donovan Scott,0.6,/zs0rbBBujZATXeEV3E7RMrXQ2W2.jpg,1236054,2,9
Sue,6013fac6c8a2d40040f4b581,141,False,1,2027042,Acting,Carrie Gibson,Carrie Gibson,0.652,/mAzEqxagUYim7m2Edl9jJcH8xH3.jpg,1236054,2,9
Nick,6013fad9e72fe80040eec183,142,False,0,1561485,Acting,Peter Banifaz,Peter Banifaz,1.103,/fQXcGOpKU8mzkYNyzXrmtXP5In4.jpg,1236054,2,9
Santa #4,6013faf43009aa003fb53f2e,143,False,2,1213913,Acting,Gregory Thompson,Gregory Thompson,0.656,/f4550N60RcougOHU1G3KHqESEef.jpg,1236054,2,9
Temp,6013fb081b70ae003d5cf55d,144,False,2,44043,Acting,Jesse D. Goins,Jesse D. Goins,1.481,/6K0VQm8EuSIGvrcxuvIR4rNHsOa.jpg,1236054,2,9
Opal,6013fb1cea84c7003dbfc4a2,145,False,1,186655,Acting,Jo Farkas,Jo Farkas,0.6,/npdITDYkDC00KHKqqkxBTrcwy4e.jpg,1236054,2,9
Myrtle,5d9269b40f52650022c3c8da,271,False,1,116229,Acting,Linda Porter,Linda Porter,1.577,/AlLTmxIDEARLahCdPTcCeDrasgo.jpg,1236054,2,9
Elias,6012a28dcb8028004006b40c,271,False,0,2955467,Acting,Danny Gura,Danny Gura,0.694,/vGWyI5FThuvq6A6TrEag36zBexu.jpg,1236054,2,9
Adam,6012a619b5bc21003b9889be,273,False,2,973223,Acting,Ryan Gaul,Ryan Gaul,0.706,/odVCSzMm1IiM4hBZ28Oam5NZRUL.jpg,1236054,2,9
Isaac,600a88022a210c003f997e06,307,False,2,559457,Acting,Steve Agee,Steve Agee,1.847,/uKVbxQJ60nksFoBKQfuGw6wOqrP.jpg,1236054,2,9
Cody,600a9231dd83fa003d8f5f85,314,False,2,131787,Acting,Felipe Esparza,Felipe Esparza,0.98,/5VLaNf2sWM4bhfqR7bRlOTqwvyx.jpg,1236054,2,9
Frantic Women,6013fbc8cb802800400806ca,146,False,0,1273228,Acting,Allison Bills,Allison Bills,0.98,/eO9mzjd5ragRdDTvV2h4KfWsdHT.jpg,1236055,2,10
Customer,6013fbded96c3c00400cde84,147,False,2,173836,Acting,John F. Schaffer,John F. Schaffer,0.694,,1236055,2,10
Angry Customer #1,6013fbf9d96c3c003e0d188e,148,False,2,2073673,Acting,Luke Peckinpah,Luke Peckinpah,0.6,/zRuNHRnZysWJzvSr8hEpcohkLg8.jpg,1236055,2,10
Angry Customer #2,6013fc161511aa004150fa0f,149,False,2,1869748,Acting,Hardy Awadjie,Hardy Awadjie,0.656,/ek4pcz5g3xosOJYYghiUV3OQYsL.jpg,1236055,2,10
Guy In Line,6013fc3099d5c300405b6bb8,150,False,0,1520069,Acting,Alfred Adderly,Alfred Adderly,0.6,/ottfzoPgH6oJEZ18h4jiO9QFuVm.jpg,1236055,2,10
Tate,6012a0e4d9f4a600413ce18c,237,False,2,189230,Acting,Josh Lawson,Josh Lawson,3.528,/Am9vM77uZd9bGODugwmWtOfzx6E.jpg,1236055,2,10
Myrtle,5d9269b40f52650022c3c8da,271,False,1,116229,Acting,Linda Porter,Linda Porter,1.577,/AlLTmxIDEARLahCdPTcCeDrasgo.jpg,1236055,2,10
Stuart,6013fc805ad76b003e714d0d,151,False,2,54696,Acting,Joe Nunez,Joe Nunez,1.632,/oAuh9sSFHbuuAvW6JjwykwAjwdi.jpg,1240314,2,11
Young Dad,6013fcc1ea84c7003cbd9061,152,False,2,1650686,Acting,Aaron Colom,Aaron Colom,0.6,,1240314,2,11
Tate,6012a0e4d9f4a600413ce18c,237,False,2,189230,Acting,Josh Lawson,Josh Lawson,3.528,/Am9vM77uZd9bGODugwmWtOfzx6E.jpg,1240314,2,11
Myrtle,5d9269b40f52650022c3c8da,271,False,1,116229,Acting,Linda Porter,Linda Porter,1.577,/AlLTmxIDEARLahCdPTcCeDrasgo.jpg,1240314,2,11
Janet,600a8f11dd83fa003d8f5cce,323,False,1,166685,Acting,Carla Renata,Carla Renata,0.861,/p1RiJ5nibeiGL6VmC4N6oo5U56m.jpg,1240314,2,11
Rex,6013fcfe0e597b004139f1c4,153,False,2,206485,Acting,Ravi Patel,Ravi Patel,1.273,/94GutLAPx72fqxe6XUQ3HWxANxz.jpg,1249780,2,12
Vince,6013fd13c3c891003f41c97b,154,False,2,1294982,Acting,Paul Walter Hauser,Paul Walter Hauser,4.85,/hV2oiKF2xlDMXtuq3Si1TA4b6DA.jpg,1249780,2,12
Janet,6013fd3dbf0f6300400af80a,155,False,1,1096728,Acting,Kelly Schumann,Kelly Schumann,0.84,/5bO6wy2KKDlcID96aDSlkRpcJ7a.jpg,1249780,2,12
Female Customer,6013fd753e09f3003e3f3a39,157,False,1,1709428,Acting,Nicole Dele,Nicole Dele,0.6,/nQCCS33WJmx3sQE9KtQuNEwErKh.jpg,1249780,2,12
Kelsey,6013fd8dd96c3c003e0d19de,158,False,1,1011818,Acting,Erica Duke,Erica Duke,1.4,/14LVo30I7lonRERZFneBhTqV6pe.jpg,1249780,2,12
Eugene,6013fd590816c7004185337c,312,False,0,21842,Sound,David Ferguson,David Ferguson,0.6,/rnDy02gHkZdPXYjXeXYonH8Asle.jpg,1249780,2,12
Jeff,6012ab60d9f4a6003f3c47e9,314,False,2,81698,Acting,Michael Bunin,Michael Bunin,0.6,/qkbI48omCIaXNUIemOLAb7V91PF.jpg,1249780,2,12
Carol,600a8ac7c2ff3d003d3a745f,323,False,1,1388928,Acting,Irene White,Irene White,1.056,/h36SC97lS8Fy46viYlrp4sCNRJG.jpg,1249780,2,12
Waiter,6013fe430e597b00403bf598,160,False,2,167296,Acting,Rolando Millet,Rolando Millet,1.528,,1255619,2,13
Customer,6013fe5ad96c3c00400ce12a,161,False,1,1164310,Acting,Tamara Lynn Davis,Tamara Lynn Davis,1.4,/DTonwNQkWxcOkHAU6E0KHNqIHe.jpg,1255619,2,13
Myrtle,5d9269b40f52650022c3c8da,271,False,1,116229,Acting,Linda Porter,Linda Porter,1.577,/AlLTmxIDEARLahCdPTcCeDrasgo.jpg,1255619,2,13
Jerry,6013fe15028420003f2e6913,322,False,0,2000281,Acting,Chris Grace,Chris Grace,0.6,/NgMBk7hKDdDzTA9pPffqhjcfd8.jpg,1255619,2,13
Justine,600a88154d0e8d003d6ff7b8,323,False,1,1096728,Acting,Kelly Schumann,Kelly Schumann,0.84,/5bO6wy2KKDlcID96aDSlkRpcJ7a.jpg,1255619,2,13
Carol,600a8ac7c2ff3d003d3a745f,323,False,1,1388928,Acting,Irene White,Irene White,1.056,/h36SC97lS8Fy46viYlrp4sCNRJG.jpg,1255619,2,13
Shannon,60154b19d96c3c003f0e1c18,162,False,1,1194195,Acting,Andree Vermeulen,Andree Vermeulen,1.708,/ekTg2fPNsgSY7FMO937H5xFFCsg.jpg,1258316,2,14
Miles,60154b3d3009aa003eb769f0,163,False,2,15034,Acting,Jeremy Howard,Jeremy Howard,1.644,/tkZNfmlNkiH7UZxYDaDqO9z1TuV.jpg,1258316,2,14
Corporate Woman,6012a154ea84c7003ebe68bd,164,False,1,1060406,Acting,Beth Curry,Beth Curry,0.6,,1258316,2,14
Arthur,60154b9b5b4fed0040a0da9c,164,False,2,80257,Acting,Bernie Kopell,Bernie Kopell,3.784,/Au0u38066KHUigrBmYUBLmIDWDl.jpg,1258316,2,14
Lisa,60154bb0d96c3c003e0f3142,165,False,1,81739,Acting,Tate Hanyok,Tate Hanyok,0.828,,1258316,2,14
Male Customer,60154bcdb5bc21003e9db122,166,False,0,2957954,Acting,Chris Reinacher,Chris Reinacher,0.6,,1258316,2,14
Female Customer,60154be40816c7004285c435,167,False,0,1528112,Acting,Kat Palardy,Kat Palardy,0.6,/sg1ctex4l8Nbf6gf9tYAlPtEKGl.jpg,1258316,2,14
Smart Car Guy,60154c1a976a23003ea2784c,168,False,0,2503910,Acting,Chuck Raucci,Chuck Raucci,0.6,,1258316,2,14
Myrtle,5d9269b40f52650022c3c8da,271,False,1,116229,Acting,Linda Porter,Linda Porter,1.577,/AlLTmxIDEARLahCdPTcCeDrasgo.jpg,1258316,2,14
Sarah,600a8fec3f8ede0040612cfb,307,False,0,2946954,Acting,Selisha Shertick,Selisha Shertick,1.646,/7DJor47ohNwsyiRj6ICn0zCVRr7.jpg,1258316,2,14
Jeff,6012ab60d9f4a6003f3c47e9,314,False,2,81698,Acting,Michael Bunin,Michael Bunin,0.6,/qkbI48omCIaXNUIemOLAb7V91PF.jpg,1258316,2,14
Carol,600a8ac7c2ff3d003d3a745f,323,False,1,1388928,Acting,Irene White,Irene White,1.056,/h36SC97lS8Fy46viYlrp4sCNRJG.jpg,1258316,2,14
Customer,60154c6a976a23003ea27874,170,False,0,1516959,Acting,Jessica Leigh Gonzales,Jessica Leigh Gonzales,0.6,,1260453,2,15
Dennis,60154c575b4fed0040a0daf5,314,False,0,2567651,Acting,Brendan Jennings,Brendan Jennings,0.6,/hJcAZ8qBbauDZtWhojhtu2ASflb.jpg,1260453,2,15
Nurse Ella,60154cac1511aa003e51f5c9,171,False,1,1214638,Acting,Artemis Pebdani,Artemis Pebdani,2.094,/ctwVQYbcOuTIQJ866fi3AhzqKBM.jpg,1262867,2,16
Overweight Customer,60154d17d266a2003f0dd8a7,172,False,0,2957974,Acting,Jacob Dwight Ramirez,Jacob Dwight Ramirez,0.6,,1262867,2,16
Carriage Driver,60154d360816c7004187506f,173,False,0,1370937,Acting,Shannon McClung,Shannon McClung,1.78,/z7i7l5KOYIkNhXKCl4Lkyi2ltyU.jpg,1262867,2,16
Emma Dubanowski,6012a3feea84c7003ebe6b23,203,False,0,1891899,Acting,Isabella Day,Isabella Day,0.98,/gIZtCNCCpdTKcF0UZ7rlNse1cpM.jpg,1262867,2,16
Myrtle,5d9269b40f52650022c3c8da,271,False,1,116229,Acting,Linda Porter,Linda Porter,1.577,/AlLTmxIDEARLahCdPTcCeDrasgo.jpg,1262867,2,16
Jeff,6012ab60d9f4a6003f3c47e9,314,False,2,81698,Acting,Michael Bunin,Michael Bunin,0.6,/qkbI48omCIaXNUIemOLAb7V91PF.jpg,1262867,2,16
Justine,600a88154d0e8d003d6ff7b8,323,False,1,1096728,Acting,Kelly Schumann,Kelly Schumann,0.84,/5bO6wy2KKDlcID96aDSlkRpcJ7a.jpg,1262867,2,16
Older Man,60154db61b70ae003e5ffe65,176,False,2,53778,Acting,E.J. Callahan,E.J. Callahan,0.733,/joHFIHLcqGstHrDr7T2nLa7Od3j.jpg,1276194,2,17
Customer,60154dcb1b70ae003e5ffe8d,177,False,1,1843277,Acting,Ana Rey,Ana Rey,0.6,/27uhSV7qqEKJqOrD6odpwQ7mr2o.jpg,1276194,2,17
Jeff,6012ab60d9f4a6003f3c47e9,314,False,2,81698,Acting,Michael Bunin,Michael Bunin,0.6,/qkbI48omCIaXNUIemOLAb7V91PF.jpg,1276194,2,17
Ron Sosa,60154d68976a23003ca30756,314,False,2,41737,Acting,Tony Plana,Tony Plana,3.264,/vLt0vQfH07SWmAe5WuSwQB1do9e.jpg,1276194,2,17
Connie Sosa,60154d9cd7cd06003c0620c3,314,False,1,146004,Acting,Marlene Forte,Marlene Forte,1.861,/qBhO3tT3VzF1bxUhw3ylmQsfTwP.jpg,1276194,2,17
Tim,60154eca55b0c00040773baa,178,False,0,1973909,Lighting,Neil Casey,Neil Casey,0.6,/1DdcfLcFFrgJ2lsKP1CIsihMPOt.jpg,1278919,2,18
Dom,60154ef8d266a2003d0ee304,179,False,2,1215981,Acting,Dominic Pace,Dominic Pace,0.703,/1JgTgliJ5hXJIhtv31qtntfaXAX.jpg,1278919,2,18
Elderly Woman,60154f1bd96c3c00400ebbde,180,False,1,159329,Acting,Eve Sigall,Eve Sigall,0.7,/qQzTbLe2Vks1LAy1FcgIRnHoLlI.jpg,1278919,2,18
Burley Guy,60154f36dd731b0040564031,181,False,2,172354,Acting,Damon Standifer,Damon Standifer,0.61,/kWbduMklJmO76N7qgzS33biugL5.jpg,1278919,2,18
Jeff,6012ab60d9f4a6003f3c47e9,314,False,2,81698,Acting,Michael Bunin,Michael Bunin,0.6,/qkbI48omCIaXNUIemOLAb7V91PF.jpg,1278919,2,18
Justine,600a88154d0e8d003d6ff7b8,323,False,1,1096728,Acting,Kelly Schumann,Kelly Schumann,0.84,/5bO6wy2KKDlcID96aDSlkRpcJ7a.jpg,1278919,2,18
Leo,5a2cee010e0a264cc1144749,3,False,2,1827954,Acting,Jason Maybaum,Jason Maybaum,1.73,/vm7mCQdWiN7lDRkJbcLzIoiusOC.jpg,1290010,2,19
Kristen,5fd940370d2f53003fb1dd1c,13,False,1,88123,Acting,Brenda Song,Brenda Song,2.614,/nJOB9ZbIchbk0omaMq9E2C22J8x.jpg,1290010,2,19
Timur,60154f6c1511aa004052a90c,182,False,0,2957984,Acting,Curtis Schurer,Curtis Schurer,0.6,,1290010,2,19
T’Oliver,60154f871b70ae003f5f1acf,183,False,2,1609481,Acting,Seth Carr,Seth Carr,2.086,/yUB4bPUv7pKU1hSfzxNjL16HVnn.jpg,1290010,2,19
Zoe,60154f9ad7cd06003c06230e,184,False,1,1696016,Acting,Chloe Coleman,Chloe Coleman,1.75,/w4C3VBjmVFeMimbIeJm41fuPY9b.jpg,1290010,2,19
Bobby Suh,60154fc4d7cd06003d0686d3,185,False,2,305993,Acting,Tom Yi,Tom Yi,0.6,/m7nvQ2EZ1D1S500qDmYeoOdv3Ge.jpg,1290010,2,19
Bobbie Sue,60154fdc1511aa0041531124,186,False,0,2862446,Acting,Emelia Golfieri,Emelia Golfieri,0.6,,1290010,2,19
Bobbie Sue,60154ff8976a23003ca30a22,187,False,0,2862447,Acting,Layla Golfieri,Layla Golfieri,0.732,,1290010,2,19
Tate,6012a0e4d9f4a600413ce18c,237,False,2,189230,Acting,Josh Lawson,Josh Lawson,3.528,/Am9vM77uZd9bGODugwmWtOfzx6E.jpg,1303133,2,20
Myrtle,5d9269b40f52650022c3c8da,271,False,1,116229,Acting,Linda Porter,Linda Porter,1.577,/AlLTmxIDEARLahCdPTcCeDrasgo.jpg,1303133,2,20
Bo,600f07302a210c00419e4275,321,False,2,1060081,Acting,Johnny Pemberton,Johnny Pemberton,1.456,/qP7y28lDW5wzUAUQ2sx6741Hx7a.jpg,1303133,2,20
Kristen,5fd940370d2f53003fb1dd1c,13,False,1,88123,Acting,Brenda Song,Brenda Song,2.614,/nJOB9ZbIchbk0omaMq9E2C22J8x.jpg,1303134,2,21
Kylie,60155127976a23003fa323b2,188,False,1,1811893,Acting,Asia Jackson,Asia Jackson,0.6,/bAPnmhGbQyfcrt9PfDUqMGQIPlv.jpg,1303134,2,21
Minister,6015513c1b70ae003d5e2b1c,189,False,0,2301437,Acting,Ozy Reigns,Ozy Reigns,0.6,,1303134,2,21
Photographer,60155151dd731b003d56ac4e,190,False,0,2957991,Acting,Henry Watkins,Henry Watkins,0.6,,1303134,2,21
Wedding Guest,6015516ded96bc0040fa1d74,191,False,0,2419635,Acting,Marcy Minton,Marcy Minton,0.98,,1303134,2,21
Cheyenne’s Grandmother,6015519c1511aa003f52484a,192,False,1,1981163,Acting,Karen Yum,Karen Yum,0.6,,1303134,2,21
Myrtle,5d9269b40f52650022c3c8da,271,False,1,116229,Acting,Linda Porter,Linda Porter,1.577,/AlLTmxIDEARLahCdPTcCeDrasgo.jpg,1303134,2,21
Adam,6012a619b5bc21003b9889be,273,False,2,973223,Acting,Ryan Gaul,Ryan Gaul,0.706,/odVCSzMm1IiM4hBZ28Oam5NZRUL.jpg,1303134,2,21
Sarah,600a8fec3f8ede0040612cfb,307,False,0,2946954,Acting,Selisha Shertick,Selisha Shertick,1.646,/7DJor47ohNwsyiRj6ICn0zCVRr7.jpg,1303134,2,21
Bo,600f07302a210c00419e4275,321,False,2,1060081,Acting,Johnny Pemberton,Johnny Pemberton,1.456,/qP7y28lDW5wzUAUQ2sx6741Hx7a.jpg,1303134,2,21
Jerry,6013fe15028420003f2e6913,322,False,0,2000281,Acting,Chris Grace,Chris Grace,0.6,/NgMBk7hKDdDzTA9pPffqhjcfd8.jpg,1303134,2,21
Justine,600a88154d0e8d003d6ff7b8,323,False,1,1096728,Acting,Kelly Schumann,Kelly Schumann,0.84,/5bO6wy2KKDlcID96aDSlkRpcJ7a.jpg,1303134,2,21
Carol,600a8ac7c2ff3d003d3a745f,323,False,1,1388928,Acting,Irene White,Irene White,1.056,/h36SC97lS8Fy46viYlrp4sCNRJG.jpg,1303134,2,21
Customer,5aec15120e0a266e13003bdb,4,False,2,2035830,Acting,Doug Hurley,Doug Hurley,0.652,/gb71ggh7ARTu7AvkHzF8aVME51t.jpg,1303135,2,22
Larry,6012a115cb8028003e085f2f,193,False,2,1184279,Acting,Matt Oberg,Matt Oberg,0.6,/kMMqMnG9TGYCcgldFAFUUajoomq.jpg,1303135,2,22
Mary,6013f58ce72fe8003feefb0f,193,False,0,1705787,Acting,Blair Beeken,Blair Beeken,0.6,,1303135,2,22
Brett,601552b7ed96bc0040fa1e64,193,False,0,2957998,Acting,Jon Miyahara,Jon Miyahara,0.6,/3ZKWMUm7ZLOU7qzFl5cFbOf4xhl.jpg,1303135,2,22
Alisha,601552cf976a23003ea27e95,194,False,0,2077768,Acting,Niccole Thurman,Niccole Thurman,0.98,,1303135,2,22
Darren,6012ab1b0816c7004081939f,195,False,2,2155179,Acting,Hermie Castillo,Hermie Castillo,1.8,/AqCmqKY0EfRaPZkgZg6kmgoJwvt.jpg,1303135,2,22
Peter,6013f576c8a2d4003ff484c5,195,False,2,1590312,Acting,Nikhil Pai,Nikhil Pai,0.6,/xzCrbp6eyfV4M74tsEWoPA58rAM.jpg,1303135,2,22
Emergency Worker,60155314d266a2003e0e5f8a,195,False,0,2039718,Acting,Kiel Kennedy,Kiel Kennedy,0.6,,1303135,2,22
Home Shopping Host,60155349d7cd06003e066e05,196,False,1,1657643,Acting,Maury Morgan,Maury Morgan,0.98,/iQN6L5oYtPijceSvUgITjKt2JEi.jpg,1303135,2,22
Emma Dubanowski,6012a3feea84c7003ebe6b23,203,False,0,1891899,Acting,Isabella Day,Isabella Day,0.98,/gIZtCNCCpdTKcF0UZ7rlNse1cpM.jpg,1303135,2,22
Myrtle,5d9269b40f52650022c3c8da,271,False,1,116229,Acting,Linda Porter,Linda Porter,1.577,/AlLTmxIDEARLahCdPTcCeDrasgo.jpg,1303135,2,22
Adam,6012a619b5bc21003b9889be,273,False,2,973223,Acting,Ryan Gaul,Ryan Gaul,0.706,/odVCSzMm1IiM4hBZ28Oam5NZRUL.jpg,1303135,2,22
Cody,600a9231dd83fa003d8f5f85,314,False,2,131787,Acting,Felipe Esparza,Felipe Esparza,0.98,/5VLaNf2sWM4bhfqR7bRlOTqwvyx.jpg,1303135,2,22
Jeff,6012ab60d9f4a6003f3c47e9,314,False,2,81698,Acting,Michael Bunin,Michael Bunin,0.6,/qkbI48omCIaXNUIemOLAb7V91PF.jpg,1303135,2,22
Justine,600a88154d0e8d003d6ff7b8,323,False,1,1096728,Acting,Kelly Schumann,Kelly Schumann,0.84,/5bO6wy2KKDlcID96aDSlkRpcJ7a.jpg,1303135,2,22
Carol,600a8ac7c2ff3d003d3a745f,323,False,1,1388928,Acting,Irene White,Irene White,1.056,/h36SC97lS8Fy46viYlrp4sCNRJG.jpg,1303135,2,22
Howie Mandel,60155386d266a2003d0ee84c,197,False,2,77920,Acting,Howie Mandel,Howie Mandel,2.143,/yqnHDPtu3gFdnVmE9YmyEG5IaPM.jpg,1353987,3,1
Scott,601553be3009aa003eb771d3,203,False,2,1132104,Acting,Wolé Parks,Wolé Parks,0.767,/nstF434UXqCR3rig37TdbAdyNmZ.jpg,1353987,3,1
Construction Worker,60155420bf0f63003e0d8e66,203,False,2,1746631,Acting,Edwin H. Bravo,Edwin H. Bravo,0.6,/NV8P7jjcHjdxqo1xxfh7eiw7SR.jpg,1353987,3,1
Myrtle,5d9269b40f52650022c3c8da,271,False,1,116229,Acting,Linda Porter,Linda Porter,1.577,/AlLTmxIDEARLahCdPTcCeDrasgo.jpg,1353987,3,1
Jeff,6012ab60d9f4a6003f3c47e9,314,False,2,81698,Acting,Michael Bunin,Michael Bunin,0.6,/qkbI48omCIaXNUIemOLAb7V91PF.jpg,1353987,3,1
Carol,600a8ac7c2ff3d003d3a745f,323,False,1,1388928,Acting,Irene White,Irene White,1.056,/h36SC97lS8Fy46viYlrp4sCNRJG.jpg,1353987,3,1
Earl,600a8fc2d55c3d003f6c9412,323,False,2,176814,Acting,Will McLaughlin,Will McLaughlin,1.411,/vYS0UBEBHse0EzPlQEx8T0ZIhBx.jpg,1353987,3,1
Myrtle,5d9269b40f52650022c3c8da,271,False,1,116229,Acting,Linda Porter,Linda Porter,1.577,/AlLTmxIDEARLahCdPTcCeDrasgo.jpg,1368200,3,2
Carol,600a8ac7c2ff3d003d3a745f,323,False,1,1388928,Acting,Irene White,Irene White,1.056,/h36SC97lS8Fy46viYlrp4sCNRJG.jpg,1368200,3,2
Emma Dubanowski,6012a3feea84c7003ebe6b23,203,False,0,1891899,Acting,Isabella Day,Isabella Day,0.98,/gIZtCNCCpdTKcF0UZ7rlNse1cpM.jpg,1371824,3,3
Scott,601553be3009aa003eb771d3,203,False,2,1132104,Acting,Wolé Parks,Wolé Parks,0.767,/nstF434UXqCR3rig37TdbAdyNmZ.jpg,1371824,3,3
Construction Worker,60155420bf0f63003e0d8e66,203,False,2,1746631,Acting,Edwin H. Bravo,Edwin H. Bravo,0.6,/NV8P7jjcHjdxqo1xxfh7eiw7SR.jpg,1371824,3,3
Passing Customer,601699dfcb8028003f13a084,203,False,0,2851647,Acting,Jackie Loeb,Jackie Loeb,1.38,,1371824,3,3
Male Customer,601699f5cb8028003e0d3896,204,False,2,1536454,Acting,Jack Impellizzeri,Jack Impellizzeri,0.6,,1371824,3,3
Kelly,6016801abb1057003e93aeb5,270,False,1,107791,Acting,Kelly Stables,Kelly Stables,3.577,/oF8rpGncdE7y1FTpkQKvGsm5XQ8.jpg,1371824,3,3
Justine,600a88154d0e8d003d6ff7b8,323,False,1,1096728,Acting,Kelly Schumann,Kelly Schumann,0.84,/5bO6wy2KKDlcID96aDSlkRpcJ7a.jpg,1371824,3,3
Carol,600a8ac7c2ff3d003d3a745f,323,False,1,1388928,Acting,Irene White,Irene White,1.056,/h36SC97lS8Fy46viYlrp4sCNRJG.jpg,1371824,3,3
Thief,60169a911b70ae003c62cbba,205,False,2,1538578,Acting,Kale Clauson,Kale Clauson,1.959,/nLbzEdS0XsMjKkcyr2grUQE1TA8.jpg,1371827,3,4
Roger,60169acbbc8657003e6c9bfd,206,False,0,1442607,Acting,Dennis Hurley,Dennis Hurley,0.6,,1371827,3,4
Blazer Customer,60169aebcb802800400ab21c,207,False,0,2076036,Acting,Adam Kaiz,Adam Kaiz,0.6,/oBXURNuneygRLYOA8Eo2xlECK5Z.jpg,1371827,3,4
Cop,60169b0087a27a0040e20193,208,False,2,177812,Acting,Patrick Faucette,Patrick Faucette,0.6,,1371827,3,4
Customer,60169b1bd266a2003e10259f,209,False,2,961696,Acting,Ryan Alvarez,Ryan Alvarez,0.745,/rCi2fiSTSowIvUoSLT39QdI2Qvg.jpg,1371827,3,4
Kelly,6016801abb1057003e93aeb5,270,False,1,107791,Acting,Kelly Stables,Kelly Stables,3.577,/oF8rpGncdE7y1FTpkQKvGsm5XQ8.jpg,1371827,3,4
Myrtle,5d9269b40f52650022c3c8da,271,False,1,116229,Acting,Linda Porter,Linda Porter,1.577,/AlLTmxIDEARLahCdPTcCeDrasgo.jpg,1371827,3,4
Ken,600a91c7d55c3d00406d3984,302,False,0,1187107,Acting,Baron Vaughn,Baron Vaughn,1.596,/xCsfS7pGAvXvTU7Tg1ZvFH2jW9c.jpg,1371827,3,4
Jeff,6012ab60d9f4a6003f3c47e9,314,False,2,81698,Acting,Michael Bunin,Michael Bunin,0.6,/qkbI48omCIaXNUIemOLAb7V91PF.jpg,1371827,3,4
Justine,600a88154d0e8d003d6ff7b8,323,False,1,1096728,Acting,Kelly Schumann,Kelly Schumann,0.84,/5bO6wy2KKDlcID96aDSlkRpcJ7a.jpg,1371827,3,4
Jodi,60169b53aafebd003dda3c3a,210,False,1,1405584,Acting,Julie Brister,Julie Brister,0.6,/bfWITrJEoQwlbFKxIUUdZ3lsTK.jpg,1379534,3,5
Costumed Coroner,60169b83bc865700406c6671,211,False,2,1245178,Acting,Sergio Cilli,Sergio Cilli,0.6,,1379534,3,5
Construction Worker,60169b97a9117f003ee67fab,212,False,0,1472182,Acting,Josh Latzer,Josh Latzer,0.703,/fevFmfIsmS8IWhOEnKquzGnLurI.jpg,1379534,3,5
Real Coroner,60169bb0907f26003e560fea,213,False,2,1737096,Acting,André B. Walker,André B. Walker,0.6,/hJzeGTZCgT5LjxL2C4Z9jonmmN0.jpg,1379534,3,5
Girl’s Mom,60169bcc5b4fed003fa1b15f,214,False,0,1937720,Acting,Carla Vega,Carla Vega,0.6,,1379534,3,5
Older Woman,60169bf85b4fed0041a2a095,215,False,0,40062,Acting,Stephanie McVay,Stephanie McVay,1.164,,1379534,3,5
Wife,60169c0ab5bc21003c9c8d56,216,False,1,1286162,Acting,Lauren Aboulafia,Lauren Aboulafia,0.6,/9EjLcukQIfwZ1dkXG3F7ieeFcys.jpg,1379534,3,5
Customer,60169c2987a27a0045e19ea2,217,False,0,2418812,Acting,Joe Thompson,Joe Thompson,0.6,,1379534,3,5
Man Who Punches Clown,60169c45873f00003ba6ead7,218,False,2,1371507,Acting,Joe Sobalo Jr.,Joe Sobalo Jr.,0.652,/vfV0eLVoFZNCaTHmqBhopWBZs8m.jpg,1379534,3,5
Kelly,6016801abb1057003e93aeb5,270,False,1,107791,Acting,Kelly Stables,Kelly Stables,3.577,/oF8rpGncdE7y1FTpkQKvGsm5XQ8.jpg,1379534,3,5
Tate,6012a0e4d9f4a600413ce18c,237,False,2,189230,Acting,Josh Lawson,Josh Lawson,3.528,/Am9vM77uZd9bGODugwmWtOfzx6E.jpg,1379535,3,6
Kelly,6016801abb1057003e93aeb5,270,False,1,107791,Acting,Kelly Stables,Kelly Stables,3.577,/oF8rpGncdE7y1FTpkQKvGsm5XQ8.jpg,1379535,3,6
Isaac,600a88022a210c003f997e06,307,False,2,559457,Acting,Steve Agee,Steve Agee,1.847,/uKVbxQJ60nksFoBKQfuGw6wOqrP.jpg,1379535,3,6
Justine,600a88154d0e8d003d6ff7b8,323,False,1,1096728,Acting,Kelly Schumann,Kelly Schumann,0.84,/5bO6wy2KKDlcID96aDSlkRpcJ7a.jpg,1379535,3,6
Bridgett,6017ed9ce942ee003ff099c2,219,False,0,1255691,Acting,Lauren Plaxco,Lauren Plaxco,1.38,/uer83sIGfu9OtzgByhdljas0kll.jpg,1385725,3,7
Son,6017edad976a23003ca74373,220,False,0,2287438,Acting,Emerson Min,Emerson Min,0.6,,1385725,3,7
Samantha,6017edcd87a27a0040e43db1,221,False,0,1492219,Acting,Shannon Hollander,Shannon Hollander,0.648,/AdzET2QcziHG5VpEhfZbsclFOyp.jpg,1385725,3,7
Old Man,6017ede687a27a0040e43e71,222,False,2,160616,Acting,Charles Howerton,Charles Howerton,1.708,/oYUOLZb8RLwj0V2sdDMBO6aijlu.jpg,1385725,3,7
Hank,6017ee021b70ae003c655d71,223,False,2,1363741,Acting,Corey Martin Craig,Corey Martin Craig,1.092,/2SY0ZK9wSgT81XPVs98CEpI6kwC.jpg,1385725,3,7
Corey,600a88f9d70594003e1d1253,247,False,2,2078323,Acting,Travis Coles,Travis Coles,0.6,/wc5H7VXoK3sfZsmW1wUlb8ngDaR.jpg,1385725,3,7
Kelly,6016801abb1057003e93aeb5,270,False,1,107791,Acting,Kelly Stables,Kelly Stables,3.577,/oF8rpGncdE7y1FTpkQKvGsm5XQ8.jpg,1385725,3,7
Adam,6012a619b5bc21003b9889be,273,False,2,973223,Acting,Ryan Gaul,Ryan Gaul,0.706,/odVCSzMm1IiM4hBZ28Oam5NZRUL.jpg,1385725,3,7
Justine,600a88154d0e8d003d6ff7b8,323,False,1,1096728,Acting,Kelly Schumann,Kelly Schumann,0.84,/5bO6wy2KKDlcID96aDSlkRpcJ7a.jpg,1385725,3,7
Browsing Customer,6017eea287a27a0045e3642f,224,False,0,2851647,Acting,Jackie Loeb,Jackie Loeb,1.38,,1406763,3,8
Older Woman,6017eebd907f26003d584528,225,False,0,1444817,Acting,Hilda Boulware,Hilda Boulware,1.4,/cUSkkGYBrOhYH0QSHKh7PDEaqLs.jpg,1406763,3,8
Kelly,6016801abb1057003e93aeb5,270,False,1,107791,Acting,Kelly Stables,Kelly Stables,3.577,/oF8rpGncdE7y1FTpkQKvGsm5XQ8.jpg,1406763,3,8
Jeff,6012ab60d9f4a6003f3c47e9,314,False,2,81698,Acting,Michael Bunin,Michael Bunin,0.6,/qkbI48omCIaXNUIemOLAb7V91PF.jpg,1406763,3,8
Justine,600a88154d0e8d003d6ff7b8,323,False,1,1096728,Acting,Kelly Schumann,Kelly Schumann,0.84,/5bO6wy2KKDlcID96aDSlkRpcJ7a.jpg,1406763,3,8
Janet,600a8f11dd83fa003d8f5cce,323,False,1,166685,Acting,Carla Renata,Carla Renata,0.861,/p1RiJ5nibeiGL6VmC4N6oo5U56m.jpg,1406763,3,8
Entertainment Reporter,6017efa287a27a0045e36524,227,False,1,229685,Acting,Katie Wilson,Katie Wilson,0.6,/oYTpIHpAOxgpaTcsZWybzye18ii.jpg,1413766,3,9
Kelly,6016801abb1057003e93aeb5,270,False,1,107791,Acting,Kelly Stables,Kelly Stables,3.577,/oF8rpGncdE7y1FTpkQKvGsm5XQ8.jpg,1413766,3,9
Elias,6012a28dcb8028004006b40c,271,False,0,2955467,Acting,Danny Gura,Danny Gura,0.694,/vGWyI5FThuvq6A6TrEag36zBexu.jpg,1413766,3,9
Jerusha,6017ef1a976a23003da6a212,321,False,1,63220,Acting,Kerri Kenney-Silver,Kerri Kenney-Silver,2.519,/8BIBidgv08VXLttLeCN0trPFXNf.jpg,1413766,3,9
Jerry,6013fe15028420003f2e6913,322,False,0,2000281,Acting,Chris Grace,Chris Grace,0.6,/NgMBk7hKDdDzTA9pPffqhjcfd8.jpg,1413766,3,9
Nora,60193a7efb3f61003fc891a6,229,False,1,1842788,Acting,Joanna Leeds,Joanna Leeds,0.629,/w0U7ugepCaT8YnY2gdq6SIPWdoP.jpg,1417816,3,10
Angie,60193a9b87a27a003fe75c6d,230,False,1,1446885,Acting,Beth Crosby,Beth Crosby,0.6,/6PTZZbOHiJiL9hhmG3REEDfYPAC.jpg,1417816,3,10
Shrimp Customer,60193ad7b97442003d22ebc4,231,False,0,1954121,Acting,Kenneth Hodges,Kenneth Hodges,0.6,,1417816,3,10
TV Customer,60193b041b70ae003f64fe2d,232,False,2,118236,Acting,David Lengel,David Lengel,0.98,/paRZPvkTXF3oc1UbHTFB2syEe9M.jpg,1417816,3,10
Thirteen-Year-Old Kid,60193b32bb1057003d985f7c,233,False,0,1590288,Acting,Norton Leufven,Norton Leufven,0.98,,1417816,3,10
Crying Crestwood Employee,60193b6487a27a003ee5dfdc,234,False,1,79083,Acting,Tarina Pouncy,Tarina Pouncy,0.84,/7CTNUK10yDOGNZvRLBJ03x7TsBU.jpg,1417816,3,10
Joyce,60193b871b70ae003d6339e5,235,False,0,2574430,Acting,Lynn Andrews,Lynn Andrews,0.648,/ce4MdAl4nBcAcTw9U758TD5ctd0.jpg,1417816,3,10
Kelly,6016801abb1057003e93aeb5,270,False,1,107791,Acting,Kelly Stables,Kelly Stables,3.577,/oF8rpGncdE7y1FTpkQKvGsm5XQ8.jpg,1417816,3,10
Jeff,6012ab60d9f4a6003f3c47e9,314,False,2,81698,Acting,Michael Bunin,Michael Bunin,0.6,/qkbI48omCIaXNUIemOLAb7V91PF.jpg,1417816,3,10
Bo,600f07302a210c00419e4275,321,False,2,1060081,Acting,Johnny Pemberton,Johnny Pemberton,1.456,/qP7y28lDW5wzUAUQ2sx6741Hx7a.jpg,1417816,3,10
Brandi,60193c1cbb1057003d98601d,236,False,1,1472749,Acting,Mary Hollis Inboden,Mary Hollis Inboden,0.6,/kASjJtV38sh40dOWiL3S5YzJZPv.jpg,1417817,3,11
Bruce,600f07abed28b9003efb6dbc,237,False,2,1184279,Acting,Matt Oberg,Matt Oberg,0.6,/kMMqMnG9TGYCcgldFAFUUajoomq.jpg,1417817,3,11
Kelly,6016801abb1057003e93aeb5,270,False,1,107791,Acting,Kelly Stables,Kelly Stables,3.577,/oF8rpGncdE7y1FTpkQKvGsm5XQ8.jpg,1417817,3,11
Cody,600a9231dd83fa003d8f5f85,314,False,2,131787,Acting,Felipe Esparza,Felipe Esparza,0.98,/5VLaNf2sWM4bhfqR7bRlOTqwvyx.jpg,1417817,3,11
Justine,600a88154d0e8d003d6ff7b8,323,False,1,1096728,Acting,Kelly Schumann,Kelly Schumann,0.84,/5bO6wy2KKDlcID96aDSlkRpcJ7a.jpg,1417817,3,11
Tate,6012a0e4d9f4a600413ce18c,237,False,2,189230,Acting,Josh Lawson,Josh Lawson,3.528,/Am9vM77uZd9bGODugwmWtOfzx6E.jpg,1423675,3,12
Devon,60193cf6b97442003c227784,237,False,0,933319,Acting,Adrian Gonzalez,Adrian Gonzalez,0.652,/5A0DOoFEDcX7jKKZFRtUq5HMVBF.jpg,1423675,3,12
William,60193d4781a7fc003efd14e7,238,False,2,1436949,Acting,Tom Parker,Tom Parker,0.6,/6EpZbNHhqlrldTVG7UQdhuVw7d3.jpg,1423675,3,12
Castor,60193d63b97442003c2277b9,239,False,0,1154103,Acting,Randy Bautista,Randy Bautista,0.6,,1423675,3,12
Waiting Customer,60193d79fb3f610041c82b45,240,False,0,1171693,Acting,Jo-Ann Pantoja,Jo-Ann Pantoja,0.6,,1423675,3,12
Kelly,6016801abb1057003e93aeb5,270,False,1,107791,Acting,Kelly Stables,Kelly Stables,3.577,/oF8rpGncdE7y1FTpkQKvGsm5XQ8.jpg,1423675,3,12
Justine,600a88154d0e8d003d6ff7b8,323,False,1,1096728,Acting,Kelly Schumann,Kelly Schumann,0.84,/5bO6wy2KKDlcID96aDSlkRpcJ7a.jpg,1423675,3,12
Carol,600a8ac7c2ff3d003d3a745f,323,False,1,1388928,Acting,Irene White,Irene White,1.056,/h36SC97lS8Fy46viYlrp4sCNRJG.jpg,1423675,3,12
Amber,60193d9daafebd003ede20e1,241,False,1,20088,Acting,Jolene Purdy,Jolene Purdy,1.4,/hq66UInEJuDjS3M4aCqgTFEcIzA.jpg,1439864,3,13
Erick Evans,60193dc1fb3f61003fc896aa,242,False,2,31549,Acting,Phil LaMarr,Phil LaMarr,4.091,/l5w0qABfsFBxjfWNnpFiaXnh4Nm.jpg,1439864,3,13
Breastfeeding Woman #2,60193e5dbc8657003fb96543,243,False,0,2750765,Acting,Susan Song,Susan Song,0.828,,1439864,3,13
Mother,60193e711b70ae003c67d555,244,False,1,1794450,Acting,Heather McPhaul,Heather McPhaul,1.62,/fqm0tNYBfpO3MF0Yx5oSM189XPe.jpg,1439864,3,13
Myrtle,5d9269b40f52650022c3c8da,271,False,1,116229,Acting,Linda Porter,Linda Porter,1.577,/AlLTmxIDEARLahCdPTcCeDrasgo.jpg,1439864,3,13
Dennis,60154c575b4fed0040a0daf5,314,False,0,2567651,Acting,Brendan Jennings,Brendan Jennings,0.6,/hJcAZ8qBbauDZtWhojhtu2ASflb.jpg,1439864,3,13
Earl,600a8fc2d55c3d003f6c9412,323,False,2,176814,Acting,Will McLaughlin,Will McLaughlin,1.411,/vYS0UBEBHse0EzPlQEx8T0ZIhBx.jpg,1439864,3,13
Jessie,60193f36976a23003faa8438,245,False,1,60779,Acting,Elaine Loh,Elaine Loh,0.6,,1439865,3,14
Kelly,6016801abb1057003e93aeb5,270,False,1,107791,Acting,Kelly Stables,Kelly Stables,3.577,/oF8rpGncdE7y1FTpkQKvGsm5XQ8.jpg,1439865,3,14
Myrtle,5d9269b40f52650022c3c8da,271,False,1,116229,Acting,Linda Porter,Linda Porter,1.577,/AlLTmxIDEARLahCdPTcCeDrasgo.jpg,1439865,3,14
Cody,600a9231dd83fa003d8f5f85,314,False,2,131787,Acting,Felipe Esparza,Felipe Esparza,0.98,/5VLaNf2sWM4bhfqR7bRlOTqwvyx.jpg,1439865,3,14
Jeff,6012ab60d9f4a6003f3c47e9,314,False,2,81698,Acting,Michael Bunin,Michael Bunin,0.6,/qkbI48omCIaXNUIemOLAb7V91PF.jpg,1439865,3,14
Justine,600a88154d0e8d003d6ff7b8,323,False,1,1096728,Acting,Kelly Schumann,Kelly Schumann,0.84,/5bO6wy2KKDlcID96aDSlkRpcJ7a.jpg,1439865,3,14
Pastor Craig,60193fa8d96c3c003f13dacc,246,False,2,1241330,Acting,Bashir Salahuddin,Bashir Salahuddin,0.938,/ZL5MRzjd6kWkvQXqh5mgPY1CKP.jpg,1439867,3,15
Corey,600a88f9d70594003e1d1253,247,False,2,2078323,Acting,Travis Coles,Travis Coles,0.6,/wc5H7VXoK3sfZsmW1wUlb8ngDaR.jpg,1439867,3,15
Terry,60194033976a23003faa8592,247,False,2,1272971,Acting,Jack Foley,Jack Foley,0.6,,1439867,3,15
Kelly,6016801abb1057003e93aeb5,270,False,1,107791,Acting,Kelly Stables,Kelly Stables,3.577,/oF8rpGncdE7y1FTpkQKvGsm5XQ8.jpg,1439867,3,15
Myrtle,5d9269b40f52650022c3c8da,271,False,1,116229,Acting,Linda Porter,Linda Porter,1.577,/AlLTmxIDEARLahCdPTcCeDrasgo.jpg,1439867,3,15
Isaac,600a88022a210c003f997e06,307,False,2,559457,Acting,Steve Agee,Steve Agee,1.847,/uKVbxQJ60nksFoBKQfuGw6wOqrP.jpg,1439867,3,15
Jeff,6012ab60d9f4a6003f3c47e9,314,False,2,81698,Acting,Michael Bunin,Michael Bunin,0.6,/qkbI48omCIaXNUIemOLAb7V91PF.jpg,1439867,3,15
Justine,600a88154d0e8d003d6ff7b8,323,False,1,1096728,Acting,Kelly Schumann,Kelly Schumann,0.84,/5bO6wy2KKDlcID96aDSlkRpcJ7a.jpg,1439867,3,15
Carol,600a8ac7c2ff3d003d3a745f,323,False,1,1388928,Acting,Irene White,Irene White,1.056,/h36SC97lS8Fy46viYlrp4sCNRJG.jpg,1439867,3,15
Walter,601940c1bc8657003eb929e6,248,False,2,74573,Acting,Robert Pine,Robert Pine,5.917,/xZM1qLqmRprnZYXa8Ugsmo00zL9.jpg,1455069,3,16
Hank,601940fcd96c3c0040154ac3,249,False,2,1448945,Acting,Matt Peters,Matt Peters,0.6,,1455069,3,16
Target Employee #1,60194155bb1057003e98f330,250,False,0,1493427,Acting,Ali Ghandour,Ali Ghandour,0.98,/y1naXuG3zwf3F6fRgVjM3wbJUZp.jpg,1455069,3,16
Target Employee #2,6019417dbb1057003e98f338,251,False,0,1778852,Acting,Elizabeth Guest,Elizabeth Guest,0.6,/3SzXSYohpYxNDJcOjlEXiNmNOjv.jpg,1455069,3,16
Alex,601940941b70ae003c67d6a5,262,False,2,2308419,Acting,Vladimir Caamano,Vladimir Caamano,0.828,/hPrp0Ja8l4jrjAt7ZIyfkvSpEHG.jpg,1455069,3,16
Kelly,6016801abb1057003e93aeb5,270,False,1,107791,Acting,Kelly Stables,Kelly Stables,3.577,/oF8rpGncdE7y1FTpkQKvGsm5XQ8.jpg,1455069,3,16
Jeff,6012ab60d9f4a6003f3c47e9,314,False,2,81698,Acting,Michael Bunin,Michael Bunin,0.6,/qkbI48omCIaXNUIemOLAb7V91PF.jpg,1455069,3,16
Justine,600a88154d0e8d003d6ff7b8,323,False,1,1096728,Acting,Kelly Schumann,Kelly Schumann,0.84,/5bO6wy2KKDlcID96aDSlkRpcJ7a.jpg,1455069,3,16
Earl,600a8fc2d55c3d003f6c9412,323,False,2,176814,Acting,Will McLaughlin,Will McLaughlin,1.411,/vYS0UBEBHse0EzPlQEx8T0ZIhBx.jpg,1455069,3,16
Skipper Sailes,601bdfa4aafebd003ee27663,253,False,0,2280678,Acting,Martin Kildare,Martin Kildare,0.6,,1455070,3,17
Laurie Neustadt,601bdf52fb3f610041cc2087,264,False,1,52956,Acting,Jennifer Irwin,Jennifer Irwin,2.083,/cNRJQMBa6So6xVAhgAmCpMJOCc7.jpg,1455070,3,17
Myrtle,5d9269b40f52650022c3c8da,271,False,1,116229,Acting,Linda Porter,Linda Porter,1.577,/AlLTmxIDEARLahCdPTcCeDrasgo.jpg,1455070,3,17
Justine,600a88154d0e8d003d6ff7b8,323,False,1,1096728,Acting,Kelly Schumann,Kelly Schumann,0.84,/5bO6wy2KKDlcID96aDSlkRpcJ7a.jpg,1455070,3,17
Jess,5d817c5ad34eb3002c4f839b,5,False,1,1456323,Acting,Kimrie Lewis,Kimrie Lewis,1.283,/7Mp3hOoCJLnnJ55UanelF4lZjRQ.jpg,1455071,3,18
Alex,601940941b70ae003c67d6a5,262,False,2,2308419,Acting,Vladimir Caamano,Vladimir Caamano,0.828,/hPrp0Ja8l4jrjAt7ZIyfkvSpEHG.jpg,1455071,3,18
Kelly,6016801abb1057003e93aeb5,270,False,1,107791,Acting,Kelly Stables,Kelly Stables,3.577,/oF8rpGncdE7y1FTpkQKvGsm5XQ8.jpg,1455071,3,18
Jerusha,6017ef1a976a23003da6a212,321,False,1,63220,Acting,Kerri Kenney-Silver,Kerri Kenney-Silver,2.519,/8BIBidgv08VXLttLeCN0trPFXNf.jpg,1455071,3,18
Justine,600a88154d0e8d003d6ff7b8,323,False,1,1096728,Acting,Kelly Schumann,Kelly Schumann,0.84,/5bO6wy2KKDlcID96aDSlkRpcJ7a.jpg,1455071,3,18
Neil,601be0bd1108a8003dc2be75,254,False,0,2386840,Acting,Bert Belasco,Bert Belasco,0.6,,1466373,3,19
Male Customer,601be118bb1057003e9e4c37,255,False,2,2280099,Acting,Jamison Webb,Jamison Webb,0.6,/pvqO4fg0oaRUiWyOrn2sGtXThG0.jpg,1466373,3,19
Nervous Customer,601be135bc86570040bd00c7,256,False,2,1143952,Acting,Paul Mabon,Paul Mabon,1.62,/f1vrCMrJaka9s44Ib8dYuHIp9wp.jpg,1466373,3,19
Middle-Aged Woman,601be16b8a88b2003fb84e14,257,False,1,1505399,Acting,Zabeth Russell,Zabeth Russell,0.6,/eILuM3QmWKOeVFIMGr7JOsc2qAS.jpg,1466373,3,19
Middle-Aged Man,601be18ab97442003d27d583,258,False,2,210016,Acting,Dominic Flores,Dominic Flores,0.84,,1466373,3,19
Laurie Neustadt,601bdf52fb3f610041cc2087,264,False,1,52956,Acting,Jennifer Irwin,Jennifer Irwin,2.083,/cNRJQMBa6So6xVAhgAmCpMJOCc7.jpg,1466373,3,19
Kelly,6016801abb1057003e93aeb5,270,False,1,107791,Acting,Kelly Stables,Kelly Stables,3.577,/oF8rpGncdE7y1FTpkQKvGsm5XQ8.jpg,1466373,3,19
Myrtle,5d9269b40f52650022c3c8da,271,False,1,116229,Acting,Linda Porter,Linda Porter,1.577,/AlLTmxIDEARLahCdPTcCeDrasgo.jpg,1466373,3,19
Dr. Myer,601be22ffb3f610040ce80d1,259,False,1,1446882,Acting,Shelley Robertson,Shelley Robertson,0.6,/pIGg21cb20IcufnytpYxrcQKhpK.jpg,1466375,3,20
Mom Customer,601be246cf62cd0041068195,260,False,1,66556,Acting,Emily Nelson,Emily Nelson,0.6,/p8kjoG3f4ZpYPbE2miVnt1A6m23.jpg,1466375,3,20
Pregnant Customer,601be26281a7fc0041015141,261,False,0,2415031,Acting,Robyn Okrant,Robyn Okrant,0.6,,1466375,3,20
Kelly,6016801abb1057003e93aeb5,270,False,1,107791,Acting,Kelly Stables,Kelly Stables,3.577,/oF8rpGncdE7y1FTpkQKvGsm5XQ8.jpg,1466375,3,20
Jeff,6012ab60d9f4a6003f3c47e9,314,False,2,81698,Acting,Michael Bunin,Michael Bunin,0.6,/qkbI48omCIaXNUIemOLAb7V91PF.jpg,1466375,3,20
Jerusha,6017ef1a976a23003da6a212,321,False,1,63220,Acting,Kerri Kenney-Silver,Kerri Kenney-Silver,2.519,/8BIBidgv08VXLttLeCN0trPFXNf.jpg,1466375,3,20
Justine,600a88154d0e8d003d6ff7b8,323,False,1,1096728,Acting,Kelly Schumann,Kelly Schumann,0.84,/5bO6wy2KKDlcID96aDSlkRpcJ7a.jpg,1466375,3,20
Janet,600a8f11dd83fa003d8f5cce,323,False,1,166685,Acting,Carla Renata,Carla Renata,0.861,/p1RiJ5nibeiGL6VmC4N6oo5U56m.jpg,1466375,3,20
Alex,601940941b70ae003c67d6a5,262,False,2,2308419,Acting,Vladimir Caamano,Vladimir Caamano,0.828,/hPrp0Ja8l4jrjAt7ZIyfkvSpEHG.jpg,1473713,3,21
Checkout Customer,601be38757530e0040448d6b,262,False,0,154996,Acting,Mary Wickliffe,Mary Wickliffe,0.6,/kYAwkISa7cQa9QGSsWbTbjeUBkG.jpg,1473713,3,21
Customer,601be3b47314a1003cfc4aba,263,False,2,559660,Acting,Frank Gerrish,Frank Gerrish,0.926,/862Pm1yK6zHavXmkQYHSUjGlGe8.jpg,1473713,3,21
Kelly,6016801abb1057003e93aeb5,270,False,1,107791,Acting,Kelly Stables,Kelly Stables,3.577,/oF8rpGncdE7y1FTpkQKvGsm5XQ8.jpg,1473713,3,21
Adam,6012a619b5bc21003b9889be,273,False,2,973223,Acting,Ryan Gaul,Ryan Gaul,0.706,/odVCSzMm1IiM4hBZ28Oam5NZRUL.jpg,1473713,3,21
Bo,600f07302a210c00419e4275,321,False,2,1060081,Acting,Johnny Pemberton,Johnny Pemberton,1.456,/qP7y28lDW5wzUAUQ2sx6741Hx7a.jpg,1473713,3,21
Justine,600a88154d0e8d003d6ff7b8,323,False,1,1096728,Acting,Kelly Schumann,Kelly Schumann,0.84,/5bO6wy2KKDlcID96aDSlkRpcJ7a.jpg,1473713,3,21
Carol,600a8ac7c2ff3d003d3a745f,323,False,1,1388928,Acting,Irene White,Irene White,1.056,/h36SC97lS8Fy46viYlrp4sCNRJG.jpg,1473713,3,21
Janet,600a8f11dd83fa003d8f5cce,323,False,1,166685,Acting,Carla Renata,Carla Renata,0.861,/p1RiJ5nibeiGL6VmC4N6oo5U56m.jpg,1473713,3,21
Laurie Neustadt,601bdf52fb3f610041cc2087,264,False,1,52956,Acting,Jennifer Irwin,Jennifer Irwin,2.083,/cNRJQMBa6So6xVAhgAmCpMJOCc7.jpg,1473714,3,22
Neil Penderson,601be448cf62cd0041068494,264,False,2,1990,Acting,Brian Howe,Brian Howe,1.843,/6JpzCLWbKG6Hp44r09ro0ZkJDSH.jpg,1473714,3,22
French Manager,601be47abb1057003e9e525e,265,False,2,209454,Acting,Paul Rogan,Paul Rogan,0.6,/5n49YGLRwOy0jny07AeOuAZwrnc.jpg,1473714,3,22
Kelly,6016801abb1057003e93aeb5,270,False,1,107791,Acting,Kelly Stables,Kelly Stables,3.577,/oF8rpGncdE7y1FTpkQKvGsm5XQ8.jpg,1473714,3,22
Jeff,6012ab60d9f4a6003f3c47e9,314,False,2,81698,Acting,Michael Bunin,Michael Bunin,0.6,/qkbI48omCIaXNUIemOLAb7V91PF.jpg,1473714,3,22
Carol,600a8ac7c2ff3d003d3a745f,323,False,1,1388928,Acting,Irene White,Irene White,1.056,/h36SC97lS8Fy46viYlrp4sCNRJG.jpg,1473714,3,22
Noam,601be563aafebd0040e56513,266,False,0,2432971,Acting,Christian Alexander Garcia,Christian Alexander Garcia,0.6,/3PkoxSlvZmLVF274rQDXi336T2g.jpg,1510893,4,1
Kelly,6016801abb1057003e93aeb5,270,False,1,107791,Acting,Kelly Stables,Kelly Stables,3.577,/oF8rpGncdE7y1FTpkQKvGsm5XQ8.jpg,1510893,4,1
Myrtle,5d9269b40f52650022c3c8da,271,False,1,116229,Acting,Linda Porter,Linda Porter,1.577,/AlLTmxIDEARLahCdPTcCeDrasgo.jpg,1510893,4,1
Isaac,600a88022a210c003f997e06,307,False,2,559457,Acting,Steve Agee,Steve Agee,1.847,/uKVbxQJ60nksFoBKQfuGw6wOqrP.jpg,1510893,4,1
Jeff,6012ab60d9f4a6003f3c47e9,314,False,2,81698,Acting,Michael Bunin,Michael Bunin,0.6,/qkbI48omCIaXNUIemOLAb7V91PF.jpg,1510893,4,1
Justine,600a88154d0e8d003d6ff7b8,323,False,1,1096728,Acting,Kelly Schumann,Kelly Schumann,0.84,/5bO6wy2KKDlcID96aDSlkRpcJ7a.jpg,1510893,4,1
Carol,600a8ac7c2ff3d003d3a745f,323,False,1,1388928,Acting,Irene White,Irene White,1.056,/h36SC97lS8Fy46viYlrp4sCNRJG.jpg,1510893,4,1
Baker,601be6151108a8003fc339be,267,False,0,1820091,Acting,Fernando Marrero,Fernando Marrero,0.6,,1579110,4,2
Diane,601be63281a7fc003e0231d4,268,False,1,2427856,Acting,Jenny Steadman,Jenny Steadman,0.6,/jGmH64ij88OFJmR7H23v4RvestA.jpg,1579110,4,2
Dill Ernez,601be6561108a8003cc29045,269,False,2,1867576,Acting,David Salsa,David Salsa,0.6,/uWzlEEpLeWXxtzuv7CPeXHbAJit.jpg,1579110,4,2
Bo,600f07302a210c00419e4275,321,False,2,1060081,Acting,Johnny Pemberton,Johnny Pemberton,1.456,/qP7y28lDW5wzUAUQ2sx6741Hx7a.jpg,1579110,4,2
Jerusha,6017ef1a976a23003da6a212,321,False,1,63220,Acting,Kerri Kenney-Silver,Kerri Kenney-Silver,2.519,/8BIBidgv08VXLttLeCN0trPFXNf.jpg,1579110,4,2
Justine,600a88154d0e8d003d6ff7b8,323,False,1,1096728,Acting,Kelly Schumann,Kelly Schumann,0.84,/5bO6wy2KKDlcID96aDSlkRpcJ7a.jpg,1579110,4,2
Sayid,600a8824dd83fa003e8e377b,323,False,2,231299,Acting,Amir M. Korangy,Amir M. Korangy,2.619,/kMT5dZ2BN7pFz3Y9elSLRlthiWz.jpg,1579110,4,2
Kelly,6016801abb1057003e93aeb5,270,False,1,107791,Acting,Kelly Stables,Kelly Stables,3.577,/oF8rpGncdE7y1FTpkQKvGsm5XQ8.jpg,1579111,4,3
Cafe Customer,601d31917ad08c003fe131ec,270,False,2,1848812,Acting,Charles Gould,Charles Gould,0.6,/8OyWjpKO3tufcOspHZluZz1LTaT.jpg,1579111,4,3
Jerry,6013fe15028420003f2e6913,322,False,0,2000281,Acting,Chris Grace,Chris Grace,0.6,/NgMBk7hKDdDzTA9pPffqhjcfd8.jpg,1579111,4,3
Justine,600a88154d0e8d003d6ff7b8,323,False,1,1096728,Acting,Kelly Schumann,Kelly Schumann,0.84,/5bO6wy2KKDlcID96aDSlkRpcJ7a.jpg,1579111,4,3
Sayid,600a8824dd83fa003e8e377b,323,False,2,231299,Acting,Amir M. Korangy,Amir M. Korangy,2.619,/kMT5dZ2BN7pFz3Y9elSLRlthiWz.jpg,1579111,4,3
Carol,600a8ac7c2ff3d003d3a745f,323,False,1,1388928,Acting,Irene White,Irene White,1.056,/h36SC97lS8Fy46viYlrp4sCNRJG.jpg,1579111,4,3
Janet,600a8f11dd83fa003d8f5cce,323,False,1,166685,Acting,Carla Renata,Carla Renata,0.861,/p1RiJ5nibeiGL6VmC4N6oo5U56m.jpg,1579111,4,3
Tyler,5d9f6acdbefd910040418c2e,7,False,2,2429815,Acting,Erik Gersovitz,Erik Gersovitz,2.204,/wV1YDHECkKXZoeMnctAYGdUBPjq.jpg,1579113,4,4
Myrtle,5d9269b40f52650022c3c8da,271,False,1,116229,Acting,Linda Porter,Linda Porter,1.577,/AlLTmxIDEARLahCdPTcCeDrasgo.jpg,1579113,4,4
Elias,6012a28dcb8028004006b40c,271,False,0,2955467,Acting,Danny Gura,Danny Gura,0.694,/vGWyI5FThuvq6A6TrEag36zBexu.jpg,1579113,4,4
Midwestern Customer,601d3265cf62cd0041094876,271,False,1,98533,Acting,Lisa Long,Lisa Long,0.6,/2NweJ366CnrtqiHBIH6OA4doElW.jpg,1579113,4,4
Warehouse Employee,601d3287bb1057003ea0f9d4,272,False,0,1352904,Acting,Christian Pedersen,Christian Pedersen,0.6,/ot8PUu763vkvfg0ox9lpWFrlzOx.jpg,1579113,4,4
Isaac,600a88022a210c003f997e06,307,False,2,559457,Acting,Steve Agee,Steve Agee,1.847,/uKVbxQJ60nksFoBKQfuGw6wOqrP.jpg,1579113,4,4
Sayid,600a8824dd83fa003e8e377b,323,False,2,231299,Acting,Amir M. Korangy,Amir M. Korangy,2.619,/kMT5dZ2BN7pFz3Y9elSLRlthiWz.jpg,1579113,4,4
Adam,6012a619b5bc21003b9889be,273,False,2,973223,Acting,Ryan Gaul,Ryan Gaul,0.706,/odVCSzMm1IiM4hBZ28Oam5NZRUL.jpg,1610150,4,5
Dr. Fogler,601d33168a88b2003cb96ca6,273,False,2,863,Acting,Orson Bean,Orson Bean,1.55,/2iz769YdycczgnGPZyXNsaN3TGR.jpg,1610150,4,5
Dr. Sidian,601d333bcf62cd003f07c40e,274,False,2,1163622,Acting,Pete Ploszek,Pete Ploszek,1.462,/g0b5aePXb1IXgl7177BGDROe8IV.jpg,1610150,4,5
Lillian,601d33561108a8003cc47768,275,False,1,157085,Acting,Vernee Watson-Johnson,Vernee Watson-Johnson,3.563,/rUMtF1F6wrUHHfRkFlLz27xRoxd.jpg,1610150,4,5
Dr. Gilllespie,601d3391aafebd003de64114,276,False,2,1937778,Acting,James William O'Halloran,James William O'Halloran,0.6,/5rHTVnzjWuETT7q5KFjTvVxvdrD.jpg,1610150,4,5
Jerusha,6017ef1a976a23003da6a212,321,False,1,63220,Acting,Kerri Kenney-Silver,Kerri Kenney-Silver,2.519,/8BIBidgv08VXLttLeCN0trPFXNf.jpg,1610150,4,5
Justine,600a88154d0e8d003d6ff7b8,323,False,1,1096728,Acting,Kelly Schumann,Kelly Schumann,0.84,/5bO6wy2KKDlcID96aDSlkRpcJ7a.jpg,1610150,4,5
Sayid,600a8824dd83fa003e8e377b,323,False,2,231299,Acting,Amir M. Korangy,Amir M. Korangy,2.619,/kMT5dZ2BN7pFz3Y9elSLRlthiWz.jpg,1610150,4,5
Carol,600a8ac7c2ff3d003d3a745f,323,False,1,1388928,Acting,Irene White,Irene White,1.056,/h36SC97lS8Fy46viYlrp4sCNRJG.jpg,1610150,4,5
Earl,600a8fc2d55c3d003f6c9412,323,False,2,176814,Acting,Will McLaughlin,Will McLaughlin,1.411,/vYS0UBEBHse0EzPlQEx8T0ZIhBx.jpg,1610150,4,5
Penny,601d3417aede59003e2ad7f9,277,False,1,1214430,Acting,Eden Sher,Eden Sher,1.686,/880rB5Z89P7AhD6ThtOLOWgNM2H.jpg,1610151,4,6
Lonnie,601d343abc8657003ebf912a,278,False,0,1292228,Acting,Drew Tarver,Drew Tarver,1.094,/gBnx7yVYLJOC6XyimeUG7uAj9me.jpg,1610151,4,6
Kimmer,601d3475b97442003f296ef1,279,False,0,1302240,Acting,Angela Malhotra,Angela Malhotra,0.6,/wXJ59vrwQosos1v4oH24H1BWbuv.jpg,1610151,4,6
Intense Guy,601d348c68929c003d812a5e,280,False,0,1590329,Acting,Albert Minero Jr.,Albert Minero Jr.,0.6,,1610151,4,6
Dummy,601d349db97442003f296f74,281,False,0,2559574,Acting,Jonny Svarzbein,Jonny Svarzbein,0.6,,1610151,4,6
Tattooed Guy,601d34b1b97442003d2a3edd,282,False,2,2264072,Acting,Michael John Lane,Michael John Lane,0.6,/o8pJ7GgZxhAMNtGzy6czV3BQ1Vg.jpg,1610151,4,6
Bloody Nose Woman,601d34d1cf62cd004008af68,283,False,0,2965651,Acting,Donielle Nash,Donielle Nash,0.6,,1610151,4,6
Customer,601d34e713a320003ca55971,284,False,0,1357481,Acting,Jesse Wang,Jesse Wang,0.6,/olw48xRAiejdyVbIBMU4BbGgCUS.jpg,1610151,4,6
Sayid,600a8824dd83fa003e8e377b,323,False,2,231299,Acting,Amir M. Korangy,Amir M. Korangy,2.619,/kMT5dZ2BN7pFz3Y9elSLRlthiWz.jpg,1610151,4,6
Richard,601e82839d2b63004020616d,285,False,2,105303,Acting,Fred Melamed,Fred Melamed,0.888,/70nsKDLXyMRsNvqohv5lHuOeNxN.jpg,1615605,4,7
Marilyn,601e829f700bf7003e5a807f,286,False,1,82988,Acting,Meagen Fay,Meagen Fay,1.105,/scvzl6Ym40hdIx8yYBOw9TrlXPM.jpg,1615605,4,7
Blue Collar Customer,601e82eda4af8f003dbe2388,287,False,2,1409953,Acting,Troy Metcalf,Troy Metcalf,0.6,/dJRM9jL21LoK6KONWR92SxMNeTO.jpg,1615605,4,7
Odd Customer,601e8303a9b9a4003e4c082c,288,False,0,2112163,Acting,George Caleodis,George Caleodis,0.6,,1615605,4,7
Sadsack Customer,601e832d9d2b63004020625c,289,False,2,1367897,Acting,Clint Culp,Clint Culp,0.98,/vwOpam483RBsUMB8EVCk9N3kI7e.jpg,1615605,4,7
Customer,601e8342931ea1003d2e3608,290,False,1,1231079,Acting,Amy Tolsky,Amy Tolsky,0.6,/xmUIH3H0676V1jj8x9dzy8hNgrE.jpg,1615605,4,7
Justine,600a88154d0e8d003d6ff7b8,323,False,1,1096728,Acting,Kelly Schumann,Kelly Schumann,0.84,/5bO6wy2KKDlcID96aDSlkRpcJ7a.jpg,1615605,4,7
Sayid,600a8824dd83fa003e8e377b,323,False,2,231299,Acting,Amir M. Korangy,Amir M. Korangy,2.619,/kMT5dZ2BN7pFz3Y9elSLRlthiWz.jpg,1615605,4,7
Kent,601e83e3931ea100402e7721,291,False,2,203637,Acting,Benjamin Arthur,Benjamin Arthur,0.6,/bj0a8v6tASvZ4iwvXtuNLSk2zGN.jpg,1615606,4,8
Ted,601e8406c58acd0040a82cc7,292,False,2,33836,Acting,Sean O'Bryan,Sean O'Bryan,1.168,/5CZMf2bRnV9o5kcylbtUPlSbI7P.jpg,1615606,4,8
Booth Lady,601e843ac58acd003fa7bc86,293,False,1,2003372,Acting,Jill Johnson,Jill Johnson,0.6,/mC1mN7KgvuouRp3Z4VNKSUP60yo.jpg,1615606,4,8
Denise,601e84579c24fc003e98681e,294,False,1,1968282,Acting,Eliza Shin,Eliza Shin,0.6,/vQcZ06dT6TeMrkig5ZSxlnVXuG9.jpg,1615606,4,8
Kristy,601e84710cd32a003f6db7f2,295,False,1,166854,Acting,Fay Wolf,Fay Wolf,1.094,/jgsPU6Ys0RBmCwHjn7jFRHvBb9S.jpg,1615606,4,8
Fat Bearded Man,601e848d931ea100402e777e,296,False,0,2177293,Production,Ed Taylor,Ed Taylor,0.6,,1615606,4,8
Jeff,6012ab60d9f4a6003f3c47e9,314,False,2,81698,Acting,Michael Bunin,Michael Bunin,0.6,/qkbI48omCIaXNUIemOLAb7V91PF.jpg,1615606,4,8
Sayid,600a8824dd83fa003e8e377b,323,False,2,231299,Acting,Amir M. Korangy,Amir M. Korangy,2.619,/kMT5dZ2BN7pFz3Y9elSLRlthiWz.jpg,1615606,4,8
Donovan,601e84d0cedac400401d4173,297,False,0,1126417,Acting,Arturo del Puerto,Arturo del Puerto,1.426,/tALGmngyUUtxyeQtMSy7KyzjdYc.jpg,1629180,4,9
Random Customer,601e85070929f60041a90ade,298,False,0,1478018,Acting,Guy Stevenson,Guy Stevenson,1.159,,1629180,4,9
Middle-Aged Woman,601e8529700bf7003f5a5bc6,299,False,0,1542616,Acting,Kimberly Bailey,Kimberly Bailey,0.6,/6es4CpmmlA7j6VCxpVvlSTfvi76.jpg,1629180,4,9
Justine,600a88154d0e8d003d6ff7b8,323,False,1,1096728,Acting,Kelly Schumann,Kelly Schumann,0.84,/5bO6wy2KKDlcID96aDSlkRpcJ7a.jpg,1629180,4,9
Gary,601e88262b8a43003cb6d562,300,False,2,13101,Acting,Ian Roberts,Ian Roberts,0.982,/jCc6zI4JceFAyeXIHXNR0blnzSe.jpg,1629183,4,10
Janet,600a8f11dd83fa003d8f5cce,323,False,1,166685,Acting,Carla Renata,Carla Renata,0.861,/p1RiJ5nibeiGL6VmC4N6oo5U56m.jpg,1629183,4,10
Blaine,5fc0fa4e9d2b63003ff28aa4,10,False,2,1944274,Acting,Drew Scheid,Drew Scheid,5.164,/ztj1zSSOLe5WtpvNVVIP1ir4xqa.jpg,1731141,4,14
Myrtle,5d9269b40f52650022c3c8da,271,False,1,116229,Acting,Linda Porter,Linda Porter,1.577,/AlLTmxIDEARLahCdPTcCeDrasgo.jpg,1787543,4,22
Maya,5fd93f74075288003d139499,12,False,1,95517,Acting,Justina Machado,Justina Machado,2.773,/j5FaJXoyhMHlqv1l6TBdt1CH1oO.jpg,1957062,5,6
Maya,5fd93f74075288003d139499,12,False,1,95517,Acting,Justina Machado,Justina Machado,2.773,/j5FaJXoyhMHlqv1l6TBdt1CH1oO.jpg,1964703,5,7
Thumbs Up Guy,5f886460e9da690039e41c1f,8,False,2,2581290,Acting,Mike Caravella,Mike Caravella,0.6,/852o9UGW23BW1q5ciiR7Y99SYBa.jpg,1978468,5,9
Randy,6023cf94c0ae36003e57abc6,303,False,2,1246515,Acting,Marques Ray,Marques Ray,0.6,/us33hjP9E2kGWbXXinQbzzfDRmu.jpg,2044438,5,12
Dan,6023cfcbd6c30000416bc5a2,304,False,2,22214,Acting,David Wain,David Wain,2.249,/kdgFfZq8virxDE8FB9l54yoWptr.jpg,2044438,5,12
Eugene,6023d0140e597b003ca83852,305,False,0,1757947,Writing,David Ferguson,David Ferguson,0.6,,2044438,5,12
Heather,6023d047c5ada5003f7f1b79,306,False,0,2972038,Acting,Mariana Tosca,Mariana Tosca,0.6,/2s4mnbP5RZzTUpxzfiUzSZ5AQYF.jpg,2044438,5,12
Sarah,600a8fec3f8ede0040612cfb,307,False,0,2946954,Acting,Selisha Shertick,Selisha Shertick,1.646,/7DJor47ohNwsyiRj6ICn0zCVRr7.jpg,2044438,5,12
Justine,600a88154d0e8d003d6ff7b8,323,False,1,1096728,Acting,Kelly Schumann,Kelly Schumann,0.84,/5bO6wy2KKDlcID96aDSlkRpcJ7a.jpg,2044438,5,12
Sayid,600a8824dd83fa003e8e377b,323,False,2,231299,Acting,Amir M. Korangy,Amir M. Korangy,2.619,/kMT5dZ2BN7pFz3Y9elSLRlthiWz.jpg,2044438,5,12
Marcus,600f09b5ed28b90041fa778c,323,False,0,1294883,Acting,Jon Barinholtz,Jon Barinholtz,1.183,/i4hRT1u9zrdgWd8dpl79Sh21oyL.jpg,2044438,5,12
Tony,5fd940eb511d0900415ee296,323,False,2,1854900,Acting,Benjamin Norris,Benjamin Norris,1.052,/leJ19kqSPgSyTZoiElevq8CfgjE.jpg,2238943,5,21
Kira Moon,600a8845cf9ba3004084eab6,18,False,1,1163979,Acting,Jee Young Han,Jee Young Han,0.63,/kwof2T70sO7ox4Fvepr5AOUEdmP.jpg,2406530,6,1
Karen,600a8884d55c3d003e6dbaad,19,False,0,1922181,Acting,Annie Sertich,Annie Sertich,1.932,/lQAtL72oRoBHYlX6AiWuh0I0Eea.jpg,2406530,6,1
Café Customer,600a893e3f8ede003f631102,21,False,0,1835724,Acting,Winston A. Marshall,Winston A. Marshall,0.6,/6TFwL4W2d4DfNtFBk689bh23kn3.jpg,2406530,6,1
Frazzled Customer,600a895fd55c3d003d6bcd5e,22,False,1,1363088,Acting,Monique Lea-Gall,Monique Lea-Gall,0.6,/yGK6WwpgrMCKfCWoEBtshfdCWpj.jpg,2406530,6,1
Mom,600a89a6cf9ba30041845293,23,False,0,2198804,Acting,Luisa Vitor,Luisa Vitor,0.6,/kmwaFHCWYutpsZr8YpVTowNrYJG.jpg,2406530,6,1
Toilet Paper Customer,600a89ef4d0e8d003e7166fa,24,False,0,2946932,Acting,Brandan Hunter-Davis,Brandan Hunter-Davis,0.6,/g9j4OyJGUzg88b3ThLb4cpfU1uM.jpg,2406530,6,1
Beer Customer,600a8a154d0e8d003e71670b,25,False,0,2946933,Acting,Casey Campbell,Casey Campbell,0.6,,2406530,6,1
Sneezing Customer,600a8a394d0e8d003f72150a,26,False,0,549063,Acting,Troy Vincent,Troy Vincent,1.1,/coAfoV7kFx6qh5Umve1EfzkSmhT.jpg,2406530,6,1
Corey,600a88f9d70594003e1d1253,247,False,2,2078323,Acting,Travis Coles,Travis Coles,0.6,/wc5H7VXoK3sfZsmW1wUlb8ngDaR.jpg,2406530,6,1
Isaac,600a88022a210c003f997e06,307,False,2,559457,Acting,Steve Agee,Steve Agee,1.847,/uKVbxQJ60nksFoBKQfuGw6wOqrP.jpg,2406530,6,1
Amy Dubanowski,554d9fc8c3a3681950000bc2,321,False,1,59174,Acting,America Ferrera,America Ferrera,3.607,/7F84Lh2lKpvkM3EiOvqqvlOmw93.jpg,2406530,6,1
Justine,600a88154d0e8d003d6ff7b8,323,False,1,1096728,Acting,Kelly Schumann,Kelly Schumann,0.84,/5bO6wy2KKDlcID96aDSlkRpcJ7a.jpg,2406530,6,1
Sayid,600a8824dd83fa003e8e377b,323,False,2,231299,Acting,Amir M. Korangy,Amir M. Korangy,2.619,/kMT5dZ2BN7pFz3Y9elSLRlthiWz.jpg,2406530,6,1
Marcus,600f09b5ed28b90041fa778c,323,False,0,1294883,Acting,Jon Barinholtz,Jon Barinholtz,1.183,/i4hRT1u9zrdgWd8dpl79Sh21oyL.jpg,2406530,6,1
Cart Customer,600a8b257d55040040be2b8c,29,False,0,1447050,Acting,Brandee Steger,Brandee Steger,1.029,/fD4OQvEOlAVx6psG9rg3U8TtoLx.jpg,2474532,6,2
Amy Dubanowski,554d9fc8c3a3681950000bc2,321,False,1,59174,Acting,America Ferrera,America Ferrera,3.607,/7F84Lh2lKpvkM3EiOvqqvlOmw93.jpg,2474532,6,2
Justine,600a88154d0e8d003d6ff7b8,323,False,1,1096728,Acting,Kelly Schumann,Kelly Schumann,0.84,/5bO6wy2KKDlcID96aDSlkRpcJ7a.jpg,2474532,6,2
Sayid,600a8824dd83fa003e8e377b,323,False,2,231299,Acting,Amir M. Korangy,Amir M. Korangy,2.619,/kMT5dZ2BN7pFz3Y9elSLRlthiWz.jpg,2474532,6,2
Carol,600a8ac7c2ff3d003d3a745f,323,False,1,1388928,Acting,Irene White,Irene White,1.056,/h36SC97lS8Fy46viYlrp4sCNRJG.jpg,2474532,6,2
Nia,600a8b087d5504003dbe9aaf,323,False,1,2946939,Acting,Franchesca Ramsey,Franchesca Ramsey,0.6,/AqMRBBUWAapMIebHk1rpLFEWaf7.jpg,2474532,6,2
Marcus,600f09b5ed28b90041fa778c,323,False,0,1294883,Acting,Jon Barinholtz,Jon Barinholtz,1.183,/i4hRT1u9zrdgWd8dpl79Sh21oyL.jpg,2474532,6,2
Isaac,600a88022a210c003f997e06,307,False,2,559457,Acting,Steve Agee,Steve Agee,1.847,/uKVbxQJ60nksFoBKQfuGw6wOqrP.jpg,2483341,6,3
Nicki,600a8e11391b9c003fd31cab,320,False,1,1195144,Acting,Nicole Lynn Evans,Nicole Lynn Evans,0.6,/kzbuNBhBNFUDFPKcBgZFnShWMA1.jpg,2483341,6,3
Tony,5fd940eb511d0900415ee296,323,False,2,1854900,Acting,Benjamin Norris,Benjamin Norris,1.052,/leJ19kqSPgSyTZoiElevq8CfgjE.jpg,2483341,6,3
Justine,600a88154d0e8d003d6ff7b8,323,False,1,1096728,Acting,Kelly Schumann,Kelly Schumann,0.84,/5bO6wy2KKDlcID96aDSlkRpcJ7a.jpg,2483341,6,3
Sayid,600a8824dd83fa003e8e377b,323,False,2,231299,Acting,Amir M. Korangy,Amir M. Korangy,2.619,/kMT5dZ2BN7pFz3Y9elSLRlthiWz.jpg,2483341,6,3
Carol,600a8ac7c2ff3d003d3a745f,323,False,1,1388928,Acting,Irene White,Irene White,1.056,/h36SC97lS8Fy46viYlrp4sCNRJG.jpg,2483341,6,3
Nia,600a8b087d5504003dbe9aaf,323,False,1,2946939,Acting,Franchesca Ramsey,Franchesca Ramsey,0.6,/AqMRBBUWAapMIebHk1rpLFEWaf7.jpg,2483341,6,3
Marcus,600f09b5ed28b90041fa778c,323,False,0,1294883,Acting,Jon Barinholtz,Jon Barinholtz,1.183,/i4hRT1u9zrdgWd8dpl79Sh21oyL.jpg,2483341,6,3
Phillip,600a8f6f3520e8004a673972,31,False,2,1295493,Acting,Chris Butler,Chris Butler,0.652,/kzBSndhWhSTlvAETwKJl0PGMLmZ.jpg,2489126,6,4
Nice Customer,600a90143520e8004a673981,34,False,0,2080004,Acting,Joanna Strapp,Joanna Strapp,0.6,/wHRdNsIhPpllAEezUIb8z6J0QWt.jpg,2489126,6,4
Baby Customer,600a905de04d8a003ec40ebe,35,False,2,1791039,Acting,José Antonio García,José Antonio García,1.214,/hkUOXka2QlWCF3TFzCl4UgxJt8R.jpg,2489126,6,4
Don,600a90a33f8ede0041627a50,36,False,0,2946955,Acting,Dean Anthony,Dean Anthony,0.98,,2489126,6,4
Corey,600a88f9d70594003e1d1253,247,False,2,2078323,Acting,Travis Coles,Travis Coles,0.6,/wc5H7VXoK3sfZsmW1wUlb8ngDaR.jpg,2489126,6,4
Sarah,600a8fec3f8ede0040612cfb,307,False,0,2946954,Acting,Selisha Shertick,Selisha Shertick,1.646,/7DJor47ohNwsyiRj6ICn0zCVRr7.jpg,2489126,6,4
Nicki,600a8e11391b9c003fd31cab,320,False,1,1195144,Acting,Nicole Lynn Evans,Nicole Lynn Evans,0.6,/kzbuNBhBNFUDFPKcBgZFnShWMA1.jpg,2489126,6,4
Justine,600a88154d0e8d003d6ff7b8,323,False,1,1096728,Acting,Kelly Schumann,Kelly Schumann,0.84,/5bO6wy2KKDlcID96aDSlkRpcJ7a.jpg,2489126,6,4
Sayid,600a8824dd83fa003e8e377b,323,False,2,231299,Acting,Amir M. Korangy,Amir M. Korangy,2.619,/kMT5dZ2BN7pFz3Y9elSLRlthiWz.jpg,2489126,6,4
Janet,600a8f11dd83fa003d8f5cce,323,False,1,166685,Acting,Carla Renata,Carla Renata,0.861,/p1RiJ5nibeiGL6VmC4N6oo5U56m.jpg,2489126,6,4
Earl,600a8fc2d55c3d003f6c9412,323,False,2,176814,Acting,Will McLaughlin,Will McLaughlin,1.411,/vYS0UBEBHse0EzPlQEx8T0ZIhBx.jpg,2489126,6,4
Marcus,600f09b5ed28b90041fa778c,323,False,0,1294883,Acting,Jon Barinholtz,Jon Barinholtz,1.183,/i4hRT1u9zrdgWd8dpl79Sh21oyL.jpg,2489126,6,4
Demetrius,600a92410cd446003ddb841b,39,False,0,1702083,Acting,Lamar Woods,Lamar Woods,0.6,/xGOFGlla7918ateOlMzrxVgzFI5.jpg,2533286,6,5
Freddy,600a92830cd446003ddb842d,40,False,0,2946967,Acting,Martin Dawkins,Martin Dawkins,0.6,/qZDks4geezXwL8WXZS3PKmanJ14.jpg,2533286,6,5
Ken,600a91c7d55c3d00406d3984,302,False,0,1187107,Acting,Baron Vaughn,Baron Vaughn,1.596,/xCsfS7pGAvXvTU7Tg1ZvFH2jW9c.jpg,2533286,6,5
Isaac,600a88022a210c003f997e06,307,False,2,559457,Acting,Steve Agee,Steve Agee,1.847,/uKVbxQJ60nksFoBKQfuGw6wOqrP.jpg,2533286,6,5
Sarah,600a8fec3f8ede0040612cfb,307,False,0,2946954,Acting,Selisha Shertick,Selisha Shertick,1.646,/7DJor47ohNwsyiRj6ICn0zCVRr7.jpg,2533286,6,5
Cody,600a9231dd83fa003d8f5f85,314,False,2,131787,Acting,Felipe Esparza,Felipe Esparza,0.98,/5VLaNf2sWM4bhfqR7bRlOTqwvyx.jpg,2533286,6,5
Nicki,600a8e11391b9c003fd31cab,320,False,1,1195144,Acting,Nicole Lynn Evans,Nicole Lynn Evans,0.6,/kzbuNBhBNFUDFPKcBgZFnShWMA1.jpg,2533286,6,5
Justine,600a88154d0e8d003d6ff7b8,323,False,1,1096728,Acting,Kelly Schumann,Kelly Schumann,0.84,/5bO6wy2KKDlcID96aDSlkRpcJ7a.jpg,2533286,6,5
Sayid,600a8824dd83fa003e8e377b,323,False,2,231299,Acting,Amir M. Korangy,Amir M. Korangy,2.619,/kMT5dZ2BN7pFz3Y9elSLRlthiWz.jpg,2533286,6,5
Nia,600a8b087d5504003dbe9aaf,323,False,1,2946939,Acting,Franchesca Ramsey,Franchesca Ramsey,0.6,/AqMRBBUWAapMIebHk1rpLFEWaf7.jpg,2533286,6,5
Janet,600a8f11dd83fa003d8f5cce,323,False,1,166685,Acting,Carla Renata,Carla Renata,0.861,/p1RiJ5nibeiGL6VmC4N6oo5U56m.jpg,2533286,6,5
Earl,600a8fc2d55c3d003f6c9412,323,False,2,176814,Acting,Will McLaughlin,Will McLaughlin,1.411,/vYS0UBEBHse0EzPlQEx8T0ZIhBx.jpg,2533286,6,5
Frisco,600f07f70e597b003f32f450,43,False,2,145131,Acting,Jacob Wysocki,Jacob Wysocki,1.528,/mvdTNFid9nIZ0QgbVJunxhOZFXV.jpg,2616380,6,6
Titus,600f0817ed28b9003efb6df9,44,False,0,1552452,Acting,Justin Alexio,Justin Alexio,0.6,/uz03q6R1RXaZaVe7XRRPvcMaAUV.jpg,2616380,6,6
Boat Propeller Customer,600f0847c8113d003d92e5ad,45,False,1,2489700,Acting,Nancy Lantis,Nancy Lantis,0.6,/b4KtQPbjhKL8roADCUrBRBJ2hDN.jpg,2616380,6,6
Scary Guy,600f08594d0e8d003f79c3ab,46,False,2,164914,Acting,Erik Audé,Erik Audé,1.616,/rZx7QfqyZ11nn6UaRLYTMDLpVeq.jpg,2616380,6,6
Process Server,600f086fed28b90041fa7503,47,False,1,550319,Acting,Katia Gomez,Katia Gomez,0.6,/dgKujeItyJDyERaEyUuZQf09Ga4.jpg,2616380,6,6
Kamantha,600f088446f354003eb27178,48,False,1,2653405,Acting,Ashley Marie Jones,Ashley Marie Jones,0.6,/h6vFKgY0uk7dqbqOJ99YYZBxjkN.jpg,2616380,6,6
Bruce,600f07abed28b9003efb6dbc,237,False,2,1184279,Acting,Matt Oberg,Matt Oberg,0.6,/kMMqMnG9TGYCcgldFAFUUajoomq.jpg,2616380,6,6
Ken,600a91c7d55c3d00406d3984,302,False,0,1187107,Acting,Baron Vaughn,Baron Vaughn,1.596,/xCsfS7pGAvXvTU7Tg1ZvFH2jW9c.jpg,2616380,6,6
Bo,600f07302a210c00419e4275,321,False,2,1060081,Acting,Johnny Pemberton,Johnny Pemberton,1.456,/qP7y28lDW5wzUAUQ2sx6741Hx7a.jpg,2616380,6,6
Justine,600a88154d0e8d003d6ff7b8,323,False,1,1096728,Acting,Kelly Schumann,Kelly Schumann,0.84,/5bO6wy2KKDlcID96aDSlkRpcJ7a.jpg,2616380,6,6
Sayid,600a8824dd83fa003e8e377b,323,False,2,231299,Acting,Amir M. Korangy,Amir M. Korangy,2.619,/kMT5dZ2BN7pFz3Y9elSLRlthiWz.jpg,2616380,6,6
Carol,600a8ac7c2ff3d003d3a745f,323,False,1,1388928,Acting,Irene White,Irene White,1.056,/h36SC97lS8Fy46viYlrp4sCNRJG.jpg,2616380,6,6
Nia,600a8b087d5504003dbe9aaf,323,False,1,2946939,Acting,Franchesca Ramsey,Franchesca Ramsey,0.6,/AqMRBBUWAapMIebHk1rpLFEWaf7.jpg,2616380,6,6
Janet,600a8f11dd83fa003d8f5cce,323,False,1,166685,Acting,Carla Renata,Carla Renata,0.861,/p1RiJ5nibeiGL6VmC4N6oo5U56m.jpg,2616380,6,6
Earl,600a8fc2d55c3d003f6c9412,323,False,2,176814,Acting,Will McLaughlin,Will McLaughlin,1.411,/vYS0UBEBHse0EzPlQEx8T0ZIhBx.jpg,2616380,6,6
Warren,6016807db5bc21003d9a825b,202,False,2,1301577,Acting,Rene Gube,Rene Gube,0.7,/yUlPKqkYNMkvtWEFHYssUMIjCbF.jpg,2634201,6,7
Kelly,6016801abb1057003e93aeb5,270,False,1,107791,Acting,Kelly Stables,Kelly Stables,3.577,/oF8rpGncdE7y1FTpkQKvGsm5XQ8.jpg,2634201,6,7
Eric,6016802d1511aa00415533b5,322,False,2,1931568,Acting,George Salazar,George Salazar,0.6,/cWBFQH0r2SPGTQKskEHIA8WK1T6.jpg,2634201,6,7
Justine,600a88154d0e8d003d6ff7b8,323,False,1,1096728,Acting,Kelly Schumann,Kelly Schumann,0.84,/5bO6wy2KKDlcID96aDSlkRpcJ7a.jpg,2634201,6,7
Sayid,600a8824dd83fa003e8e377b,323,False,2,231299,Acting,Amir M. Korangy,Amir M. Korangy,2.619,/kMT5dZ2BN7pFz3Y9elSLRlthiWz.jpg,2634201,6,7
Carol,600a8ac7c2ff3d003d3a745f,323,False,1,1388928,Acting,Irene White,Irene White,1.056,/h36SC97lS8Fy46viYlrp4sCNRJG.jpg,2634201,6,7
Janet,600a8f11dd83fa003d8f5cce,323,False,1,166685,Acting,Carla Renata,Carla Renata,0.861,/p1RiJ5nibeiGL6VmC4N6oo5U56m.jpg,2634201,6,7
Marcus,600f09b5ed28b90041fa778c,323,False,0,1294883,Acting,Jon Barinholtz,Jon Barinholtz,1.183,/i4hRT1u9zrdgWd8dpl79Sh21oyL.jpg,2634201,6,7
Ken,600a91c7d55c3d00406d3984,302,False,0,1187107,Acting,Baron Vaughn,Baron Vaughn,1.596,/xCsfS7pGAvXvTU7Tg1ZvFH2jW9c.jpg,2651682,6,8
Customer,60214f59c2b9df00409ebe11,302,False,2,119057,Acting,Stephon Fuller,Stephon Fuller,0.6,/jl27Prlxx66dRp9mneXlSFDm5NC.jpg,2651682,6,8
Isaac,600a88022a210c003f997e06,307,False,2,559457,Acting,Steve Agee,Steve Agee,1.847,/uKVbxQJ60nksFoBKQfuGw6wOqrP.jpg,2651682,6,8
Brian,60214ec65690b5004022344e,319,False,2,509193,Acting,Rory Scovel,Rory Scovel,1.03,/5YjzkFvHUjEyDTg8JitAHgfYY1J.jpg,2651682,6,8
Tony,5fd940eb511d0900415ee296,323,False,2,1854900,Acting,Benjamin Norris,Benjamin Norris,1.052,/leJ19kqSPgSyTZoiElevq8CfgjE.jpg,2651682,6,8
Justine,600a88154d0e8d003d6ff7b8,323,False,1,1096728,Acting,Kelly Schumann,Kelly Schumann,0.84,/5bO6wy2KKDlcID96aDSlkRpcJ7a.jpg,2651682,6,8
Sayid,600a8824dd83fa003e8e377b,323,False,2,231299,Acting,Amir M. Korangy,Amir M. Korangy,2.619,/kMT5dZ2BN7pFz3Y9elSLRlthiWz.jpg,2651682,6,8
Carol,600a8ac7c2ff3d003d3a745f,323,False,1,1388928,Acting,Irene White,Irene White,1.056,/h36SC97lS8Fy46viYlrp4sCNRJG.jpg,2651682,6,8
Nia,600a8b087d5504003dbe9aaf,323,False,1,2946939,Acting,Franchesca Ramsey,Franchesca Ramsey,0.6,/AqMRBBUWAapMIebHk1rpLFEWaf7.jpg,2651682,6,8
Earl,600a8fc2d55c3d003f6c9412,323,False,2,176814,Acting,Will McLaughlin,Will McLaughlin,1.411,/vYS0UBEBHse0EzPlQEx8T0ZIhBx.jpg,2651682,6,8
Isaac,600a88022a210c003f997e06,307,False,2,559457,Acting,Steve Agee,Steve Agee,1.847,/uKVbxQJ60nksFoBKQfuGw6wOqrP.jpg,2682823,6,9
Sarah,600a8fec3f8ede0040612cfb,307,False,0,2946954,Acting,Selisha Shertick,Selisha Shertick,1.646,/7DJor47ohNwsyiRj6ICn0zCVRr7.jpg,2682823,6,9
Phone Holder Customer,6026ea6cd05a03003bb772f3,307,False,2,1450755,Acting,Chris Dotson,Chris Dotson,0.6,/dVQiSKyTjvyktpifNgF826REqJo.jpg,2682823,6,9
Zephra Technician,6026eb55dcf87500403a4f0b,308,False,0,1087217,Acting,Steve West,Steve West,0.6,/dY4UkERCaNsdRNkRuMmnrj5epNd.jpg,2682823,6,9
Customer,6026eb70ef9d7200405b6a3b,309,False,1,66664,Acting,Algerita Wynn Lewis,Algerita Wynn Lewis,0.6,/aJ82yUFuWGj9XxZWNxPPFGHhmj7.jpg,2682823,6,9
Middle-Aged Woman,6026ec1c8741c40040c23eab,310,False,1,562701,Acting,Mary Kathleen Gordon,Mary Kathleen Gordon,1.473,,2682823,6,9
Cody,600a9231dd83fa003d8f5f85,314,False,2,131787,Acting,Felipe Esparza,Felipe Esparza,0.98,/5VLaNf2sWM4bhfqR7bRlOTqwvyx.jpg,2682823,6,9
Justine,600a88154d0e8d003d6ff7b8,323,False,1,1096728,Acting,Kelly Schumann,Kelly Schumann,0.84,/5bO6wy2KKDlcID96aDSlkRpcJ7a.jpg,2682823,6,9
Sayid,600a8824dd83fa003e8e377b,323,False,2,231299,Acting,Amir M. Korangy,Amir M. Korangy,2.619,/kMT5dZ2BN7pFz3Y9elSLRlthiWz.jpg,2682823,6,9
Janet,600a8f11dd83fa003d8f5cce,323,False,1,166685,Acting,Carla Renata,Carla Renata,0.861,/p1RiJ5nibeiGL6VmC4N6oo5U56m.jpg,2682823,6,9
Marcus,600f09b5ed28b90041fa778c,323,False,0,1294883,Acting,Jon Barinholtz,Jon Barinholtz,1.183,/i4hRT1u9zrdgWd8dpl79Sh21oyL.jpg,2682823,6,9
Eugene,6013fd590816c7004185337c,312,False,0,21842,Sound,David Ferguson,David Ferguson,0.6,/rnDy02gHkZdPXYjXeXYonH8Asle.jpg,2706016,6,10
Stu,60392a10c3c891007a99fdf6,312,False,2,156685,Acting,Bob Glouberman,Bob Glouberman,0.685,/qGLILxbHOwX0McLOoMhteFfJqZ3.jpg,2706016,6,10
Female Customer,60392a21194186005aaaef04,313,False,0,2243393,Acting,Ashton Amaba,Ashton Amaba,0.6,/bSCvLP1jH0rBQxm690AK3T2y2uC.jpg,2706016,6,10
Cody,600a9231dd83fa003d8f5f85,314,False,2,131787,Acting,Felipe Esparza,Felipe Esparza,0.98,/5VLaNf2sWM4bhfqR7bRlOTqwvyx.jpg,2706016,6,10
Hannah,6039294ec3c8910028aad923,319,False,1,59257,Acting,Maria Thayer,Maria Thayer,2.284,/u2ydRBoqUsTfrjYn4O5H9Wxafaq.jpg,2706016,6,10
Justine,600a88154d0e8d003d6ff7b8,323,False,1,1096728,Acting,Kelly Schumann,Kelly Schumann,0.84,/5bO6wy2KKDlcID96aDSlkRpcJ7a.jpg,2706016,6,10
Carol,600a8ac7c2ff3d003d3a745f,323,False,1,1388928,Acting,Irene White,Irene White,1.056,/h36SC97lS8Fy46viYlrp4sCNRJG.jpg,2706016,6,10
Janet,600a8f11dd83fa003d8f5cce,323,False,1,166685,Acting,Carla Renata,Carla Renata,0.861,/p1RiJ5nibeiGL6VmC4N6oo5U56m.jpg,2706016,6,10
Marcus,600f09b5ed28b90041fa778c,323,False,0,1294883,Acting,Jon Barinholtz,Jon Barinholtz,1.183,/i4hRT1u9zrdgWd8dpl79Sh21oyL.jpg,2706016,6,10
Cody,600a9231dd83fa003d8f5f85,314,False,2,131787,Acting,Felipe Esparza,Felipe Esparza,0.98,/5VLaNf2sWM4bhfqR7bRlOTqwvyx.jpg,2718589,6,11
Ron Sosa,60154d68976a23003ca30756,314,False,2,41737,Acting,Tony Plana,Tony Plana,3.264,/vLt0vQfH07SWmAe5WuSwQB1do9e.jpg,2718589,6,11
Connie Sosa,60154d9cd7cd06003c0620c3,314,False,1,146004,Acting,Marlene Forte,Marlene Forte,1.861,/qBhO3tT3VzF1bxUhw3ylmQsfTwP.jpg,2718589,6,11
Hannah,6039294ec3c8910028aad923,319,False,1,59257,Acting,Maria Thayer,Maria Thayer,2.284,/u2ydRBoqUsTfrjYn4O5H9Wxafaq.jpg,2718589,6,11
Eric,6016802d1511aa00415533b5,322,False,2,1931568,Acting,George Salazar,George Salazar,0.6,/cWBFQH0r2SPGTQKskEHIA8WK1T6.jpg,2718589,6,11
Tony,5fd940eb511d0900415ee296,323,False,2,1854900,Acting,Benjamin Norris,Benjamin Norris,1.052,/leJ19kqSPgSyTZoiElevq8CfgjE.jpg,2718589,6,11
Justine,600a88154d0e8d003d6ff7b8,323,False,1,1096728,Acting,Kelly Schumann,Kelly Schumann,0.84,/5bO6wy2KKDlcID96aDSlkRpcJ7a.jpg,2718589,6,11
Carol,600a8ac7c2ff3d003d3a745f,323,False,1,1388928,Acting,Irene White,Irene White,1.056,/h36SC97lS8Fy46viYlrp4sCNRJG.jpg,2718589,6,11
Nia,600a8b087d5504003dbe9aaf,323,False,1,2946939,Acting,Franchesca Ramsey,Franchesca Ramsey,0.6,/AqMRBBUWAapMIebHk1rpLFEWaf7.jpg,2718589,6,11
Janet,600a8f11dd83fa003d8f5cce,323,False,1,166685,Acting,Carla Renata,Carla Renata,0.861,/p1RiJ5nibeiGL6VmC4N6oo5U56m.jpg,2718589,6,11
Marcus,600f09b5ed28b90041fa778c,323,False,0,1294883,Acting,Jon Barinholtz,Jon Barinholtz,1.183,/i4hRT1u9zrdgWd8dpl79Sh21oyL.jpg,2718589,6,11
Jeff,6012ab60d9f4a6003f3c47e9,314,False,2,81698,Acting,Michael Bunin,Michael Bunin,0.6,/qkbI48omCIaXNUIemOLAb7V91PF.jpg,2756324,6,12
Dennis,60154c575b4fed0040a0daf5,314,False,0,2567651,Acting,Brendan Jennings,Brendan Jennings,0.6,/hJcAZ8qBbauDZtWhojhtu2ASflb.jpg,2756324,6,12
Third Customer,604b95d1982f74002ea0698e,314,False,0,2872227,Acting,Kari Lee Cartwright,Kari Lee Cartwright,0.6,/pFKMnKIG6fWlZiyQfpBuIGEX4yl.jpg,2756324,6,12
Older Customer,604b95e46cf3d5002bd08993,315,False,0,2242814,Acting,Weston I. Nathanson,Weston I. Nathanson,0.6,/swR5FbX6UaLdWEvPRrP23tLXwUu.jpg,2756324,6,12
Busy customer,604b95f3ec4552006e1a0777,316,False,1,66558,Acting,Christine Barger,Christine Barger,1.96,/22LbsgF20EcUAQMOLoF4Q0QuM0P.jpg,2756324,6,12
Café Customer,604b96028741c4002ba098ac,317,False,2,2115934,Acting,Cha-tah Ellem,Cha-tah Ellem,0.6,,2756324,6,12
Justine,600a88154d0e8d003d6ff7b8,323,False,1,1096728,Acting,Kelly Schumann,Kelly Schumann,0.84,/5bO6wy2KKDlcID96aDSlkRpcJ7a.jpg,2756324,6,12
Earl,600a8fc2d55c3d003f6c9412,323,False,2,176814,Acting,Will McLaughlin,Will McLaughlin,1.411,/vYS0UBEBHse0EzPlQEx8T0ZIhBx.jpg,2756324,6,12
Marcus,600f09b5ed28b90041fa778c,323,False,0,1294883,Acting,Jon Barinholtz,Jon Barinholtz,1.183,/i4hRT1u9zrdgWd8dpl79Sh21oyL.jpg,2756324,6,12
Lowell Anderson,6051805d41a5610073619bd7,318,False,2,21290,Acting,Dave Foley,Dave Foley,1.823,/yDmTBUOsyeahPebx32YKWyDi2Os.jpg,2769203,6,13
Brian,60214ec65690b5004022344e,319,False,2,509193,Acting,Rory Scovel,Rory Scovel,1.03,/5YjzkFvHUjEyDTg8JitAHgfYY1J.jpg,2769203,6,13
Hannah,6039294ec3c8910028aad923,319,False,1,59257,Acting,Maria Thayer,Maria Thayer,2.284,/u2ydRBoqUsTfrjYn4O5H9Wxafaq.jpg,2769203,6,13
Line-Cutting Customer,6054c163c433ea004f44abcf,319,False,2,101416,Acting,Michael McMillian,Michael McMillian,1.052,/8uS5Mi7aIVuF5XWARbX9EeBRQZN.jpg,2769203,6,13
Nicki,600a8e11391b9c003fd31cab,320,False,1,1195144,Acting,Nicole Lynn Evans,Nicole Lynn Evans,0.6,/kzbuNBhBNFUDFPKcBgZFnShWMA1.jpg,2769203,6,13
Customer,6054c18dfab3fa00299f918e,320,False,0,1741299,Acting,Albert Kuo,Albert Kuo,0.6,/uEAa9qRKg3MKOiq0GTfU2JJQvFg.jpg,2769203,6,13
Tony,5fd940eb511d0900415ee296,323,False,2,1854900,Acting,Benjamin Norris,Benjamin Norris,1.052,/leJ19kqSPgSyTZoiElevq8CfgjE.jpg,2769203,6,13
Justine,600a88154d0e8d003d6ff7b8,323,False,1,1096728,Acting,Kelly Schumann,Kelly Schumann,0.84,/5bO6wy2KKDlcID96aDSlkRpcJ7a.jpg,2769203,6,13
Carol,600a8ac7c2ff3d003d3a745f,323,False,1,1388928,Acting,Irene White,Irene White,1.056,/h36SC97lS8Fy46viYlrp4sCNRJG.jpg,2769203,6,13
Nia,600a8b087d5504003dbe9aaf,323,False,1,2946939,Acting,Franchesca Ramsey,Franchesca Ramsey,0.6,/AqMRBBUWAapMIebHk1rpLFEWaf7.jpg,2769203,6,13
Earl,600a8fc2d55c3d003f6c9412,323,False,2,176814,Acting,Will McLaughlin,Will McLaughlin,1.411,/vYS0UBEBHse0EzPlQEx8T0ZIhBx.jpg,2769203,6,13
Marcus,600f09b5ed28b90041fa778c,323,False,0,1294883,Acting,Jon Barinholtz,Jon Barinholtz,1.183,/i4hRT1u9zrdgWd8dpl79Sh21oyL.jpg,2769203,6,13
Amy Dubanowski,554d9fc8c3a3681950000bc2,321,False,1,59174,Acting,America Ferrera,America Ferrera,3.607,/7F84Lh2lKpvkM3EiOvqqvlOmw93.jpg,2785635,6,14
Tony,5fd940eb511d0900415ee296,323,False,2,1854900,Acting,Benjamin Norris,Benjamin Norris,1.052,/leJ19kqSPgSyTZoiElevq8CfgjE.jpg,2785635,6,14
Justine,600a88154d0e8d003d6ff7b8,323,False,1,1096728,Acting,Kelly Schumann,Kelly Schumann,0.84,/5bO6wy2KKDlcID96aDSlkRpcJ7a.jpg,2785635,6,14
Sayid,600a8824dd83fa003e8e377b,323,False,2,231299,Acting,Amir M. Korangy,Amir M. Korangy,2.619,/kMT5dZ2BN7pFz3Y9elSLRlthiWz.jpg,2785635,6,14
Carol,600a8ac7c2ff3d003d3a745f,323,False,1,1388928,Acting,Irene White,Irene White,1.056,/h36SC97lS8Fy46viYlrp4sCNRJG.jpg,2785635,6,14
Nia,600a8b087d5504003dbe9aaf,323,False,1,2946939,Acting,Franchesca Ramsey,Franchesca Ramsey,0.6,/AqMRBBUWAapMIebHk1rpLFEWaf7.jpg,2785635,6,14
Janet,600a8f11dd83fa003d8f5cce,323,False,1,166685,Acting,Carla Renata,Carla Renata,0.861,/p1RiJ5nibeiGL6VmC4N6oo5U56m.jpg,2785635,6,14
Marcus,600f09b5ed28b90041fa778c,323,False,0,1294883,Acting,Jon Barinholtz,Jon Barinholtz,1.183,/i4hRT1u9zrdgWd8dpl79Sh21oyL.jpg,2785635,6,14
Amy Dubanowski,554d9fc8c3a3681950000bc2,321,False,1,59174,Acting,America Ferrera,America Ferrera,3.607,/7F84Lh2lKpvkM3EiOvqqvlOmw93.jpg,2785637,6,15
Bo,600f07302a210c00419e4275,321,False,2,1060081,Acting,Johnny Pemberton,Johnny Pemberton,1.456,/qP7y28lDW5wzUAUQ2sx6741Hx7a.jpg,2785637,6,15
Jerusha,6017ef1a976a23003da6a212,321,False,1,63220,Acting,Kerri Kenney-Silver,Kerri Kenney-Silver,2.519,/8BIBidgv08VXLttLeCN0trPFXNf.jpg,2785637,6,15
Jerry,6013fe15028420003f2e6913,322,False,0,2000281,Acting,Chris Grace,Chris Grace,0.6,/NgMBk7hKDdDzTA9pPffqhjcfd8.jpg,2785637,6,15
Eric,6016802d1511aa00415533b5,322,False,2,1931568,Acting,George Salazar,George Salazar,0.6,/cWBFQH0r2SPGTQKskEHIA8WK1T6.jpg,2785637,6,15
Emma,605e0eb20e64af002958a4ff,322,False,0,1891899,Acting,Isabella Day,Isabella Day,0.98,/gIZtCNCCpdTKcF0UZ7rlNse1cpM.jpg,2785637,6,15
Tony,5fd940eb511d0900415ee296,323,False,2,1854900,Acting,Benjamin Norris,Benjamin Norris,1.052,/leJ19kqSPgSyTZoiElevq8CfgjE.jpg,2785637,6,15
Justine,600a88154d0e8d003d6ff7b8,323,False,1,1096728,Acting,Kelly Schumann,Kelly Schumann,0.84,/5bO6wy2KKDlcID96aDSlkRpcJ7a.jpg,2785637,6,15
Sayid,600a8824dd83fa003e8e377b,323,False,2,231299,Acting,Amir M. Korangy,Amir M. Korangy,2.619,/kMT5dZ2BN7pFz3Y9elSLRlthiWz.jpg,2785637,6,15
Carol,600a8ac7c2ff3d003d3a745f,323,False,1,1388928,Acting,Irene White,Irene White,1.056,/h36SC97lS8Fy46viYlrp4sCNRJG.jpg,2785637,6,15
Nia,600a8b087d5504003dbe9aaf,323,False,1,2946939,Acting,Franchesca Ramsey,Franchesca Ramsey,0.6,/AqMRBBUWAapMIebHk1rpLFEWaf7.jpg,2785637,6,15
Janet,600a8f11dd83fa003d8f5cce,323,False,1,166685,Acting,Carla Renata,Carla Renata,0.861,/p1RiJ5nibeiGL6VmC4N6oo5U56m.jpg,2785637,6,15
Earl,600a8fc2d55c3d003f6c9412,323,False,2,176814,Acting,Will McLaughlin,Will McLaughlin,1.411,/vYS0UBEBHse0EzPlQEx8T0ZIhBx.jpg,2785637,6,15
Marcus,600f09b5ed28b90041fa778c,323,False,0,1294883,Acting,Jon Barinholtz,Jon Barinholtz,1.183,/i4hRT1u9zrdgWd8dpl79Sh21oyL.jpg,2785637,6,15
Uptight Lady,60115b22dd83fa003d9b5670,323,False,1,1404102,Acting,Betsy Sodaro,Betsy Sodaro,1.4,/9bMACXZdz4QHMc9Ew4WYIYVL5VH.jpg,2785637,6,15
Grocery Customer,605e0ee123be4600748da353,323,False,2,1230847,Writing,Justin Spitzer,Justin Spitzer,0.758,/7LiIHJLBv6Li1lmASD6mrigtKPo.jpg,2785637,6,15
