adult,gender,id,known_for_department,name,original_name,popularity,profile_path,character,credit_id,order,episodeId,seasonNumber,episodeNumber
False,1,40462,Acting,Kristen Bell,Kristen Bell,5.821,/kP913krW2QPeetTZ9TNq8V2Z1kc.jpg,Eleanor Shellstrop,574315adc3a3685342000ace,0,1929260,0,1
False,2,12836,Acting,Ted Danson,Ted Danson,4.708,/xBzs8fPsOLvl6oK6JrugLEBVXJY.jpg,Michael,574315a6c3a36852d100097d,1,1929260,0,1
False,2,1410478,Acting,William Jackson Harper,William Jackson Harper,2.784,/5Oy037YttIweiqNGaErkalNmH0G.jpg,Chidi Anagonye,57d3020dc3a3681ffa000528,2,1929260,0,1
False,1,1624816,Acting,Jameela Jamil,Jameela Jamil,1.66,/rB3lWcIdcldHJxpVQhwNU2ZwWPS.jpg,Tahani Al-Jamil,5743159ec3a36868e40020d4,3,1929260,0,1
False,2,1368795,Acting,Manny Jacinto,Manny Jacinto,0.692,/cjkZzaVR5StB4fqnl58NAOSsH0o.jpg,Jason Mendoza,5809673d925141378a002432,4,1929260,0,1
False,1,1561264,Acting,D'Arcy Carden,D'Arcy Carden,3.192,/guqKvyKdrAB7bjrJQrdmlNnPuuY.jpg,Janet,57d3022cc3a3681ffe000544,5,1929260,0,1
False,1,40462,Acting,Kristen Bell,Kristen Bell,5.821,/kP913krW2QPeetTZ9TNq8V2Z1kc.jpg,Eleanor Shellstrop,574315adc3a3685342000ace,0,1929261,0,2
False,2,12836,Acting,Ted Danson,Ted Danson,4.708,/xBzs8fPsOLvl6oK6JrugLEBVXJY.jpg,Michael,574315a6c3a36852d100097d,1,1929261,0,2
False,2,1410478,Acting,William Jackson Harper,William Jackson Harper,2.784,/5Oy037YttIweiqNGaErkalNmH0G.jpg,Chidi Anagonye,57d3020dc3a3681ffa000528,2,1929261,0,2
False,1,1624816,Acting,Jameela Jamil,Jameela Jamil,1.66,/rB3lWcIdcldHJxpVQhwNU2ZwWPS.jpg,Tahani Al-Jamil,5743159ec3a36868e40020d4,3,1929261,0,2
False,2,1368795,Acting,Manny Jacinto,Manny Jacinto,0.692,/cjkZzaVR5StB4fqnl58NAOSsH0o.jpg,Jason Mendoza,5809673d925141378a002432,4,1929261,0,2
False,1,1561264,Acting,D'Arcy Carden,D'Arcy Carden,3.192,/guqKvyKdrAB7bjrJQrdmlNnPuuY.jpg,Janet,57d3022cc3a3681ffe000544,5,1929261,0,2
False,1,40462,Acting,Kristen Bell,Kristen Bell,5.821,/kP913krW2QPeetTZ9TNq8V2Z1kc.jpg,Eleanor Shellstrop,574315adc3a3685342000ace,0,1929262,0,3
False,2,12836,Acting,Ted Danson,Ted Danson,4.708,/xBzs8fPsOLvl6oK6JrugLEBVXJY.jpg,Michael,574315a6c3a36852d100097d,1,1929262,0,3
False,2,1410478,Acting,William Jackson Harper,William Jackson Harper,2.784,/5Oy037YttIweiqNGaErkalNmH0G.jpg,Chidi Anagonye,57d3020dc3a3681ffa000528,2,1929262,0,3
False,1,1624816,Acting,Jameela Jamil,Jameela Jamil,1.66,/rB3lWcIdcldHJxpVQhwNU2ZwWPS.jpg,Tahani Al-Jamil,5743159ec3a36868e40020d4,3,1929262,0,3
False,2,1368795,Acting,Manny Jacinto,Manny Jacinto,0.692,/cjkZzaVR5StB4fqnl58NAOSsH0o.jpg,Jason Mendoza,5809673d925141378a002432,4,1929262,0,3
False,1,1561264,Acting,D'Arcy Carden,D'Arcy Carden,3.192,/guqKvyKdrAB7bjrJQrdmlNnPuuY.jpg,Janet,57d3022cc3a3681ffe000544,5,1929262,0,3
False,1,40462,Acting,Kristen Bell,Kristen Bell,5.821,/kP913krW2QPeetTZ9TNq8V2Z1kc.jpg,Eleanor Shellstrop,574315adc3a3685342000ace,0,1929263,0,4
False,2,12836,Acting,Ted Danson,Ted Danson,4.708,/xBzs8fPsOLvl6oK6JrugLEBVXJY.jpg,Michael,574315a6c3a36852d100097d,1,1929263,0,4
False,2,1410478,Acting,William Jackson Harper,William Jackson Harper,2.784,/5Oy037YttIweiqNGaErkalNmH0G.jpg,Chidi Anagonye,57d3020dc3a3681ffa000528,2,1929263,0,4
False,1,1624816,Acting,Jameela Jamil,Jameela Jamil,1.66,/rB3lWcIdcldHJxpVQhwNU2ZwWPS.jpg,Tahani Al-Jamil,5743159ec3a36868e40020d4,3,1929263,0,4
False,2,1368795,Acting,Manny Jacinto,Manny Jacinto,0.692,/cjkZzaVR5StB4fqnl58NAOSsH0o.jpg,Jason Mendoza,5809673d925141378a002432,4,1929263,0,4
False,1,1561264,Acting,D'Arcy Carden,D'Arcy Carden,3.192,/guqKvyKdrAB7bjrJQrdmlNnPuuY.jpg,Janet,57d3022cc3a3681ffe000544,5,1929263,0,4
False,1,40462,Acting,Kristen Bell,Kristen Bell,5.821,/kP913krW2QPeetTZ9TNq8V2Z1kc.jpg,Eleanor Shellstrop,574315adc3a3685342000ace,0,1929264,0,5
False,2,12836,Acting,Ted Danson,Ted Danson,4.708,/xBzs8fPsOLvl6oK6JrugLEBVXJY.jpg,Michael,574315a6c3a36852d100097d,1,1929264,0,5
False,2,1410478,Acting,William Jackson Harper,William Jackson Harper,2.784,/5Oy037YttIweiqNGaErkalNmH0G.jpg,Chidi Anagonye,57d3020dc3a3681ffa000528,2,1929264,0,5
False,1,1624816,Acting,Jameela Jamil,Jameela Jamil,1.66,/rB3lWcIdcldHJxpVQhwNU2ZwWPS.jpg,Tahani Al-Jamil,5743159ec3a36868e40020d4,3,1929264,0,5
False,2,1368795,Acting,Manny Jacinto,Manny Jacinto,0.692,/cjkZzaVR5StB4fqnl58NAOSsH0o.jpg,Jason Mendoza,5809673d925141378a002432,4,1929264,0,5
False,1,1561264,Acting,D'Arcy Carden,D'Arcy Carden,3.192,/guqKvyKdrAB7bjrJQrdmlNnPuuY.jpg,Janet,57d3022cc3a3681ffe000544,5,1929264,0,5
False,1,40462,Acting,Kristen Bell,Kristen Bell,5.821,/kP913krW2QPeetTZ9TNq8V2Z1kc.jpg,Eleanor Shellstrop,574315adc3a3685342000ace,0,1929265,0,6
False,2,12836,Acting,Ted Danson,Ted Danson,4.708,/xBzs8fPsOLvl6oK6JrugLEBVXJY.jpg,Michael,574315a6c3a36852d100097d,1,1929265,0,6
False,2,1410478,Acting,William Jackson Harper,William Jackson Harper,2.784,/5Oy037YttIweiqNGaErkalNmH0G.jpg,Chidi Anagonye,57d3020dc3a3681ffa000528,2,1929265,0,6
False,1,1624816,Acting,Jameela Jamil,Jameela Jamil,1.66,/rB3lWcIdcldHJxpVQhwNU2ZwWPS.jpg,Tahani Al-Jamil,5743159ec3a36868e40020d4,3,1929265,0,6
False,2,1368795,Acting,Manny Jacinto,Manny Jacinto,0.692,/cjkZzaVR5StB4fqnl58NAOSsH0o.jpg,Jason Mendoza,5809673d925141378a002432,4,1929265,0,6
False,1,1561264,Acting,D'Arcy Carden,D'Arcy Carden,3.192,/guqKvyKdrAB7bjrJQrdmlNnPuuY.jpg,Janet,57d3022cc3a3681ffe000544,5,1929265,0,6
False,1,40462,Acting,Kristen Bell,Kristen Bell,5.821,/kP913krW2QPeetTZ9TNq8V2Z1kc.jpg,Eleanor Shellstrop,574315adc3a3685342000ace,0,2066463,0,7
False,2,12836,Acting,Ted Danson,Ted Danson,4.708,/xBzs8fPsOLvl6oK6JrugLEBVXJY.jpg,Michael,574315a6c3a36852d100097d,1,2066463,0,7
False,2,1410478,Acting,William Jackson Harper,William Jackson Harper,2.784,/5Oy037YttIweiqNGaErkalNmH0G.jpg,Chidi Anagonye,57d3020dc3a3681ffa000528,2,2066463,0,7
False,1,1624816,Acting,Jameela Jamil,Jameela Jamil,1.66,/rB3lWcIdcldHJxpVQhwNU2ZwWPS.jpg,Tahani Al-Jamil,5743159ec3a36868e40020d4,3,2066463,0,7
False,2,1368795,Acting,Manny Jacinto,Manny Jacinto,0.692,/cjkZzaVR5StB4fqnl58NAOSsH0o.jpg,Jason Mendoza,5809673d925141378a002432,4,2066463,0,7
False,1,1561264,Acting,D'Arcy Carden,D'Arcy Carden,3.192,/guqKvyKdrAB7bjrJQrdmlNnPuuY.jpg,Janet,57d3022cc3a3681ffe000544,5,2066463,0,7
False,1,40462,Acting,Kristen Bell,Kristen Bell,5.821,/kP913krW2QPeetTZ9TNq8V2Z1kc.jpg,Eleanor Shellstrop,574315adc3a3685342000ace,0,2803478,0,8
False,2,12836,Acting,Ted Danson,Ted Danson,4.708,/xBzs8fPsOLvl6oK6JrugLEBVXJY.jpg,Michael,574315a6c3a36852d100097d,1,2803478,0,8
False,2,1410478,Acting,William Jackson Harper,William Jackson Harper,2.784,/5Oy037YttIweiqNGaErkalNmH0G.jpg,Chidi Anagonye,57d3020dc3a3681ffa000528,2,2803478,0,8
False,1,1624816,Acting,Jameela Jamil,Jameela Jamil,1.66,/rB3lWcIdcldHJxpVQhwNU2ZwWPS.jpg,Tahani Al-Jamil,5743159ec3a36868e40020d4,3,2803478,0,8
False,2,1368795,Acting,Manny Jacinto,Manny Jacinto,0.692,/cjkZzaVR5StB4fqnl58NAOSsH0o.jpg,Jason Mendoza,5809673d925141378a002432,4,2803478,0,8
False,1,1561264,Acting,D'Arcy Carden,D'Arcy Carden,3.192,/guqKvyKdrAB7bjrJQrdmlNnPuuY.jpg,Janet,57d3022cc3a3681ffe000544,5,2803478,0,8
False,1,40462,Acting,Kristen Bell,Kristen Bell,5.821,/kP913krW2QPeetTZ9TNq8V2Z1kc.jpg,Eleanor Shellstrop,574315adc3a3685342000ace,0,1195668,1,1
False,2,12836,Acting,Ted Danson,Ted Danson,4.708,/xBzs8fPsOLvl6oK6JrugLEBVXJY.jpg,Michael,574315a6c3a36852d100097d,1,1195668,1,1
False,2,1410478,Acting,William Jackson Harper,William Jackson Harper,2.784,/5Oy037YttIweiqNGaErkalNmH0G.jpg,Chidi Anagonye,57d3020dc3a3681ffa000528,2,1195668,1,1
False,1,1624816,Acting,Jameela Jamil,Jameela Jamil,1.66,/rB3lWcIdcldHJxpVQhwNU2ZwWPS.jpg,Tahani Al-Jamil,5743159ec3a36868e40020d4,3,1195668,1,1
False,2,1368795,Acting,Manny Jacinto,Manny Jacinto,0.692,/cjkZzaVR5StB4fqnl58NAOSsH0o.jpg,Jason Mendoza,5809673d925141378a002432,4,1195668,1,1
False,1,1561264,Acting,D'Arcy Carden,D'Arcy Carden,3.192,/guqKvyKdrAB7bjrJQrdmlNnPuuY.jpg,Janet,57d3022cc3a3681ffe000544,5,1195668,1,1
False,1,40462,Acting,Kristen Bell,Kristen Bell,5.821,/kP913krW2QPeetTZ9TNq8V2Z1kc.jpg,Eleanor Shellstrop,574315adc3a3685342000ace,0,1223504,1,2
False,2,12836,Acting,Ted Danson,Ted Danson,4.708,/xBzs8fPsOLvl6oK6JrugLEBVXJY.jpg,Michael,574315a6c3a36852d100097d,1,1223504,1,2
False,2,1410478,Acting,William Jackson Harper,William Jackson Harper,2.784,/5Oy037YttIweiqNGaErkalNmH0G.jpg,Chidi Anagonye,57d3020dc3a3681ffa000528,2,1223504,1,2
False,1,1624816,Acting,Jameela Jamil,Jameela Jamil,1.66,/rB3lWcIdcldHJxpVQhwNU2ZwWPS.jpg,Tahani Al-Jamil,5743159ec3a36868e40020d4,3,1223504,1,2
False,2,1368795,Acting,Manny Jacinto,Manny Jacinto,0.692,/cjkZzaVR5StB4fqnl58NAOSsH0o.jpg,Jason Mendoza,5809673d925141378a002432,4,1223504,1,2
False,1,1561264,Acting,D'Arcy Carden,D'Arcy Carden,3.192,/guqKvyKdrAB7bjrJQrdmlNnPuuY.jpg,Janet,57d3022cc3a3681ffe000544,5,1223504,1,2
False,1,40462,Acting,Kristen Bell,Kristen Bell,5.821,/kP913krW2QPeetTZ9TNq8V2Z1kc.jpg,Eleanor Shellstrop,574315adc3a3685342000ace,0,1223505,1,3
False,2,12836,Acting,Ted Danson,Ted Danson,4.708,/xBzs8fPsOLvl6oK6JrugLEBVXJY.jpg,Michael,574315a6c3a36852d100097d,1,1223505,1,3
False,2,1410478,Acting,William Jackson Harper,William Jackson Harper,2.784,/5Oy037YttIweiqNGaErkalNmH0G.jpg,Chidi Anagonye,57d3020dc3a3681ffa000528,2,1223505,1,3
False,1,1624816,Acting,Jameela Jamil,Jameela Jamil,1.66,/rB3lWcIdcldHJxpVQhwNU2ZwWPS.jpg,Tahani Al-Jamil,5743159ec3a36868e40020d4,3,1223505,1,3
False,2,1368795,Acting,Manny Jacinto,Manny Jacinto,0.692,/cjkZzaVR5StB4fqnl58NAOSsH0o.jpg,Jason Mendoza,5809673d925141378a002432,4,1223505,1,3
False,1,1561264,Acting,D'Arcy Carden,D'Arcy Carden,3.192,/guqKvyKdrAB7bjrJQrdmlNnPuuY.jpg,Janet,57d3022cc3a3681ffe000544,5,1223505,1,3
False,1,40462,Acting,Kristen Bell,Kristen Bell,5.821,/kP913krW2QPeetTZ9TNq8V2Z1kc.jpg,Eleanor Shellstrop,574315adc3a3685342000ace,0,1223506,1,4
False,2,12836,Acting,Ted Danson,Ted Danson,4.708,/xBzs8fPsOLvl6oK6JrugLEBVXJY.jpg,Michael,574315a6c3a36852d100097d,1,1223506,1,4
False,2,1410478,Acting,William Jackson Harper,William Jackson Harper,2.784,/5Oy037YttIweiqNGaErkalNmH0G.jpg,Chidi Anagonye,57d3020dc3a3681ffa000528,2,1223506,1,4
False,1,1624816,Acting,Jameela Jamil,Jameela Jamil,1.66,/rB3lWcIdcldHJxpVQhwNU2ZwWPS.jpg,Tahani Al-Jamil,5743159ec3a36868e40020d4,3,1223506,1,4
False,2,1368795,Acting,Manny Jacinto,Manny Jacinto,0.692,/cjkZzaVR5StB4fqnl58NAOSsH0o.jpg,Jason Mendoza,5809673d925141378a002432,4,1223506,1,4
False,1,1561264,Acting,D'Arcy Carden,D'Arcy Carden,3.192,/guqKvyKdrAB7bjrJQrdmlNnPuuY.jpg,Janet,57d3022cc3a3681ffe000544,5,1223506,1,4
False,1,40462,Acting,Kristen Bell,Kristen Bell,5.821,/kP913krW2QPeetTZ9TNq8V2Z1kc.jpg,Eleanor Shellstrop,574315adc3a3685342000ace,0,1223507,1,5
False,2,12836,Acting,Ted Danson,Ted Danson,4.708,/xBzs8fPsOLvl6oK6JrugLEBVXJY.jpg,Michael,574315a6c3a36852d100097d,1,1223507,1,5
False,2,1410478,Acting,William Jackson Harper,William Jackson Harper,2.784,/5Oy037YttIweiqNGaErkalNmH0G.jpg,Chidi Anagonye,57d3020dc3a3681ffa000528,2,1223507,1,5
False,1,1624816,Acting,Jameela Jamil,Jameela Jamil,1.66,/rB3lWcIdcldHJxpVQhwNU2ZwWPS.jpg,Tahani Al-Jamil,5743159ec3a36868e40020d4,3,1223507,1,5
False,2,1368795,Acting,Manny Jacinto,Manny Jacinto,0.692,/cjkZzaVR5StB4fqnl58NAOSsH0o.jpg,Jason Mendoza,5809673d925141378a002432,4,1223507,1,5
False,1,1561264,Acting,D'Arcy Carden,D'Arcy Carden,3.192,/guqKvyKdrAB7bjrJQrdmlNnPuuY.jpg,Janet,57d3022cc3a3681ffe000544,5,1223507,1,5
False,1,40462,Acting,Kristen Bell,Kristen Bell,5.821,/kP913krW2QPeetTZ9TNq8V2Z1kc.jpg,Eleanor Shellstrop,574315adc3a3685342000ace,0,1223508,1,6
False,2,12836,Acting,Ted Danson,Ted Danson,4.708,/xBzs8fPsOLvl6oK6JrugLEBVXJY.jpg,Michael,574315a6c3a36852d100097d,1,1223508,1,6
False,2,1410478,Acting,William Jackson Harper,William Jackson Harper,2.784,/5Oy037YttIweiqNGaErkalNmH0G.jpg,Chidi Anagonye,57d3020dc3a3681ffa000528,2,1223508,1,6
False,1,1624816,Acting,Jameela Jamil,Jameela Jamil,1.66,/rB3lWcIdcldHJxpVQhwNU2ZwWPS.jpg,Tahani Al-Jamil,5743159ec3a36868e40020d4,3,1223508,1,6
False,2,1368795,Acting,Manny Jacinto,Manny Jacinto,0.692,/cjkZzaVR5StB4fqnl58NAOSsH0o.jpg,Jason Mendoza,5809673d925141378a002432,4,1223508,1,6
False,1,1561264,Acting,D'Arcy Carden,D'Arcy Carden,3.192,/guqKvyKdrAB7bjrJQrdmlNnPuuY.jpg,Janet,57d3022cc3a3681ffe000544,5,1223508,1,6
False,1,40462,Acting,Kristen Bell,Kristen Bell,5.821,/kP913krW2QPeetTZ9TNq8V2Z1kc.jpg,Eleanor Shellstrop,574315adc3a3685342000ace,0,1223509,1,7
False,2,12836,Acting,Ted Danson,Ted Danson,4.708,/xBzs8fPsOLvl6oK6JrugLEBVXJY.jpg,Michael,574315a6c3a36852d100097d,1,1223509,1,7
False,2,1410478,Acting,William Jackson Harper,William Jackson Harper,2.784,/5Oy037YttIweiqNGaErkalNmH0G.jpg,Chidi Anagonye,57d3020dc3a3681ffa000528,2,1223509,1,7
False,1,1624816,Acting,Jameela Jamil,Jameela Jamil,1.66,/rB3lWcIdcldHJxpVQhwNU2ZwWPS.jpg,Tahani Al-Jamil,5743159ec3a36868e40020d4,3,1223509,1,7
False,2,1368795,Acting,Manny Jacinto,Manny Jacinto,0.692,/cjkZzaVR5StB4fqnl58NAOSsH0o.jpg,Jason Mendoza,5809673d925141378a002432,4,1223509,1,7
False,1,1561264,Acting,D'Arcy Carden,D'Arcy Carden,3.192,/guqKvyKdrAB7bjrJQrdmlNnPuuY.jpg,Janet,57d3022cc3a3681ffe000544,5,1223509,1,7
False,1,40462,Acting,Kristen Bell,Kristen Bell,5.821,/kP913krW2QPeetTZ9TNq8V2Z1kc.jpg,Eleanor Shellstrop,574315adc3a3685342000ace,0,1223510,1,8
False,2,12836,Acting,Ted Danson,Ted Danson,4.708,/xBzs8fPsOLvl6oK6JrugLEBVXJY.jpg,Michael,574315a6c3a36852d100097d,1,1223510,1,8
False,2,1410478,Acting,William Jackson Harper,William Jackson Harper,2.784,/5Oy037YttIweiqNGaErkalNmH0G.jpg,Chidi Anagonye,57d3020dc3a3681ffa000528,2,1223510,1,8
False,1,1624816,Acting,Jameela Jamil,Jameela Jamil,1.66,/rB3lWcIdcldHJxpVQhwNU2ZwWPS.jpg,Tahani Al-Jamil,5743159ec3a36868e40020d4,3,1223510,1,8
False,2,1368795,Acting,Manny Jacinto,Manny Jacinto,0.692,/cjkZzaVR5StB4fqnl58NAOSsH0o.jpg,Jason Mendoza,5809673d925141378a002432,4,1223510,1,8
False,1,1561264,Acting,D'Arcy Carden,D'Arcy Carden,3.192,/guqKvyKdrAB7bjrJQrdmlNnPuuY.jpg,Janet,57d3022cc3a3681ffe000544,5,1223510,1,8
False,1,40462,Acting,Kristen Bell,Kristen Bell,5.821,/kP913krW2QPeetTZ9TNq8V2Z1kc.jpg,Eleanor Shellstrop,574315adc3a3685342000ace,0,1223511,1,9
False,2,12836,Acting,Ted Danson,Ted Danson,4.708,/xBzs8fPsOLvl6oK6JrugLEBVXJY.jpg,Michael,574315a6c3a36852d100097d,1,1223511,1,9
False,2,1410478,Acting,William Jackson Harper,William Jackson Harper,2.784,/5Oy037YttIweiqNGaErkalNmH0G.jpg,Chidi Anagonye,57d3020dc3a3681ffa000528,2,1223511,1,9
False,1,1624816,Acting,Jameela Jamil,Jameela Jamil,1.66,/rB3lWcIdcldHJxpVQhwNU2ZwWPS.jpg,Tahani Al-Jamil,5743159ec3a36868e40020d4,3,1223511,1,9
False,2,1368795,Acting,Manny Jacinto,Manny Jacinto,0.692,/cjkZzaVR5StB4fqnl58NAOSsH0o.jpg,Jason Mendoza,5809673d925141378a002432,4,1223511,1,9
False,1,1561264,Acting,D'Arcy Carden,D'Arcy Carden,3.192,/guqKvyKdrAB7bjrJQrdmlNnPuuY.jpg,Janet,57d3022cc3a3681ffe000544,5,1223511,1,9
False,1,40462,Acting,Kristen Bell,Kristen Bell,5.821,/kP913krW2QPeetTZ9TNq8V2Z1kc.jpg,Eleanor Shellstrop,574315adc3a3685342000ace,0,1238862,1,10
False,2,12836,Acting,Ted Danson,Ted Danson,4.708,/xBzs8fPsOLvl6oK6JrugLEBVXJY.jpg,Michael,574315a6c3a36852d100097d,1,1238862,1,10
False,2,1410478,Acting,William Jackson Harper,William Jackson Harper,2.784,/5Oy037YttIweiqNGaErkalNmH0G.jpg,Chidi Anagonye,57d3020dc3a3681ffa000528,2,1238862,1,10
False,1,1624816,Acting,Jameela Jamil,Jameela Jamil,1.66,/rB3lWcIdcldHJxpVQhwNU2ZwWPS.jpg,Tahani Al-Jamil,5743159ec3a36868e40020d4,3,1238862,1,10
False,2,1368795,Acting,Manny Jacinto,Manny Jacinto,0.692,/cjkZzaVR5StB4fqnl58NAOSsH0o.jpg,Jason Mendoza,5809673d925141378a002432,4,1238862,1,10
False,1,1561264,Acting,D'Arcy Carden,D'Arcy Carden,3.192,/guqKvyKdrAB7bjrJQrdmlNnPuuY.jpg,Janet,57d3022cc3a3681ffe000544,5,1238862,1,10
False,1,40462,Acting,Kristen Bell,Kristen Bell,5.821,/kP913krW2QPeetTZ9TNq8V2Z1kc.jpg,Eleanor Shellstrop,574315adc3a3685342000ace,0,1252234,1,11
False,2,12836,Acting,Ted Danson,Ted Danson,4.708,/xBzs8fPsOLvl6oK6JrugLEBVXJY.jpg,Michael,574315a6c3a36852d100097d,1,1252234,1,11
False,2,1410478,Acting,William Jackson Harper,William Jackson Harper,2.784,/5Oy037YttIweiqNGaErkalNmH0G.jpg,Chidi Anagonye,57d3020dc3a3681ffa000528,2,1252234,1,11
False,1,1624816,Acting,Jameela Jamil,Jameela Jamil,1.66,/rB3lWcIdcldHJxpVQhwNU2ZwWPS.jpg,Tahani Al-Jamil,5743159ec3a36868e40020d4,3,1252234,1,11
False,2,1368795,Acting,Manny Jacinto,Manny Jacinto,0.692,/cjkZzaVR5StB4fqnl58NAOSsH0o.jpg,Jason Mendoza,5809673d925141378a002432,4,1252234,1,11
False,1,1561264,Acting,D'Arcy Carden,D'Arcy Carden,3.192,/guqKvyKdrAB7bjrJQrdmlNnPuuY.jpg,Janet,57d3022cc3a3681ffe000544,5,1252234,1,11
False,1,40462,Acting,Kristen Bell,Kristen Bell,5.821,/kP913krW2QPeetTZ9TNq8V2Z1kc.jpg,Eleanor Shellstrop,574315adc3a3685342000ace,0,1255845,1,12
False,2,12836,Acting,Ted Danson,Ted Danson,4.708,/xBzs8fPsOLvl6oK6JrugLEBVXJY.jpg,Michael,574315a6c3a36852d100097d,1,1255845,1,12
False,2,1410478,Acting,William Jackson Harper,William Jackson Harper,2.784,/5Oy037YttIweiqNGaErkalNmH0G.jpg,Chidi Anagonye,57d3020dc3a3681ffa000528,2,1255845,1,12
False,1,1624816,Acting,Jameela Jamil,Jameela Jamil,1.66,/rB3lWcIdcldHJxpVQhwNU2ZwWPS.jpg,Tahani Al-Jamil,5743159ec3a36868e40020d4,3,1255845,1,12
False,2,1368795,Acting,Manny Jacinto,Manny Jacinto,0.692,/cjkZzaVR5StB4fqnl58NAOSsH0o.jpg,Jason Mendoza,5809673d925141378a002432,4,1255845,1,12
False,1,1561264,Acting,D'Arcy Carden,D'Arcy Carden,3.192,/guqKvyKdrAB7bjrJQrdmlNnPuuY.jpg,Janet,57d3022cc3a3681ffe000544,5,1255845,1,12
False,1,40462,Acting,Kristen Bell,Kristen Bell,5.821,/kP913krW2QPeetTZ9TNq8V2Z1kc.jpg,Eleanor Shellstrop,574315adc3a3685342000ace,0,1255846,1,13
False,2,12836,Acting,Ted Danson,Ted Danson,4.708,/xBzs8fPsOLvl6oK6JrugLEBVXJY.jpg,Michael,574315a6c3a36852d100097d,1,1255846,1,13
False,2,1410478,Acting,William Jackson Harper,William Jackson Harper,2.784,/5Oy037YttIweiqNGaErkalNmH0G.jpg,Chidi Anagonye,57d3020dc3a3681ffa000528,2,1255846,1,13
False,1,1624816,Acting,Jameela Jamil,Jameela Jamil,1.66,/rB3lWcIdcldHJxpVQhwNU2ZwWPS.jpg,Tahani Al-Jamil,5743159ec3a36868e40020d4,3,1255846,1,13
False,2,1368795,Acting,Manny Jacinto,Manny Jacinto,0.692,/cjkZzaVR5StB4fqnl58NAOSsH0o.jpg,Jason Mendoza,5809673d925141378a002432,4,1255846,1,13
False,1,1561264,Acting,D'Arcy Carden,D'Arcy Carden,3.192,/guqKvyKdrAB7bjrJQrdmlNnPuuY.jpg,Janet,57d3022cc3a3681ffe000544,5,1255846,1,13
False,1,40462,Acting,Kristen Bell,Kristen Bell,5.821,/kP913krW2QPeetTZ9TNq8V2Z1kc.jpg,Eleanor Shellstrop,574315adc3a3685342000ace,0,1343101,2,1
False,2,12836,Acting,Ted Danson,Ted Danson,4.708,/xBzs8fPsOLvl6oK6JrugLEBVXJY.jpg,Michael,574315a6c3a36852d100097d,1,1343101,2,1
False,2,1410478,Acting,William Jackson Harper,William Jackson Harper,2.784,/5Oy037YttIweiqNGaErkalNmH0G.jpg,Chidi Anagonye,57d3020dc3a3681ffa000528,2,1343101,2,1
False,1,1624816,Acting,Jameela Jamil,Jameela Jamil,1.66,/rB3lWcIdcldHJxpVQhwNU2ZwWPS.jpg,Tahani Al-Jamil,5743159ec3a36868e40020d4,3,1343101,2,1
False,2,1368795,Acting,Manny Jacinto,Manny Jacinto,0.692,/cjkZzaVR5StB4fqnl58NAOSsH0o.jpg,Jason Mendoza,5809673d925141378a002432,4,1343101,2,1
False,1,1561264,Acting,D'Arcy Carden,D'Arcy Carden,3.192,/guqKvyKdrAB7bjrJQrdmlNnPuuY.jpg,Janet,57d3022cc3a3681ffe000544,5,1343101,2,1
False,1,40462,Acting,Kristen Bell,Kristen Bell,5.821,/kP913krW2QPeetTZ9TNq8V2Z1kc.jpg,Eleanor Shellstrop,574315adc3a3685342000ace,0,1366208,2,2
False,2,12836,Acting,Ted Danson,Ted Danson,4.708,/xBzs8fPsOLvl6oK6JrugLEBVXJY.jpg,Michael,574315a6c3a36852d100097d,1,1366208,2,2
False,2,1410478,Acting,William Jackson Harper,William Jackson Harper,2.784,/5Oy037YttIweiqNGaErkalNmH0G.jpg,Chidi Anagonye,57d3020dc3a3681ffa000528,2,1366208,2,2
False,1,1624816,Acting,Jameela Jamil,Jameela Jamil,1.66,/rB3lWcIdcldHJxpVQhwNU2ZwWPS.jpg,Tahani Al-Jamil,5743159ec3a36868e40020d4,3,1366208,2,2
False,2,1368795,Acting,Manny Jacinto,Manny Jacinto,0.692,/cjkZzaVR5StB4fqnl58NAOSsH0o.jpg,Jason Mendoza,5809673d925141378a002432,4,1366208,2,2
False,1,1561264,Acting,D'Arcy Carden,D'Arcy Carden,3.192,/guqKvyKdrAB7bjrJQrdmlNnPuuY.jpg,Janet,57d3022cc3a3681ffe000544,5,1366208,2,2
False,1,40462,Acting,Kristen Bell,Kristen Bell,5.821,/kP913krW2QPeetTZ9TNq8V2Z1kc.jpg,Eleanor Shellstrop,574315adc3a3685342000ace,0,1366209,2,3
False,2,12836,Acting,Ted Danson,Ted Danson,4.708,/xBzs8fPsOLvl6oK6JrugLEBVXJY.jpg,Michael,574315a6c3a36852d100097d,1,1366209,2,3
False,2,1410478,Acting,William Jackson Harper,William Jackson Harper,2.784,/5Oy037YttIweiqNGaErkalNmH0G.jpg,Chidi Anagonye,57d3020dc3a3681ffa000528,2,1366209,2,3
False,1,1624816,Acting,Jameela Jamil,Jameela Jamil,1.66,/rB3lWcIdcldHJxpVQhwNU2ZwWPS.jpg,Tahani Al-Jamil,5743159ec3a36868e40020d4,3,1366209,2,3
False,2,1368795,Acting,Manny Jacinto,Manny Jacinto,0.692,/cjkZzaVR5StB4fqnl58NAOSsH0o.jpg,Jason Mendoza,5809673d925141378a002432,4,1366209,2,3
False,1,1561264,Acting,D'Arcy Carden,D'Arcy Carden,3.192,/guqKvyKdrAB7bjrJQrdmlNnPuuY.jpg,Janet,57d3022cc3a3681ffe000544,5,1366209,2,3
False,1,40462,Acting,Kristen Bell,Kristen Bell,5.821,/kP913krW2QPeetTZ9TNq8V2Z1kc.jpg,Eleanor Shellstrop,574315adc3a3685342000ace,0,1371788,2,4
False,2,12836,Acting,Ted Danson,Ted Danson,4.708,/xBzs8fPsOLvl6oK6JrugLEBVXJY.jpg,Michael,574315a6c3a36852d100097d,1,1371788,2,4
False,2,1410478,Acting,William Jackson Harper,William Jackson Harper,2.784,/5Oy037YttIweiqNGaErkalNmH0G.jpg,Chidi Anagonye,57d3020dc3a3681ffa000528,2,1371788,2,4
False,1,1624816,Acting,Jameela Jamil,Jameela Jamil,1.66,/rB3lWcIdcldHJxpVQhwNU2ZwWPS.jpg,Tahani Al-Jamil,5743159ec3a36868e40020d4,3,1371788,2,4
False,2,1368795,Acting,Manny Jacinto,Manny Jacinto,0.692,/cjkZzaVR5StB4fqnl58NAOSsH0o.jpg,Jason Mendoza,5809673d925141378a002432,4,1371788,2,4
False,1,1561264,Acting,D'Arcy Carden,D'Arcy Carden,3.192,/guqKvyKdrAB7bjrJQrdmlNnPuuY.jpg,Janet,57d3022cc3a3681ffe000544,5,1371788,2,4
False,1,40462,Acting,Kristen Bell,Kristen Bell,5.821,/kP913krW2QPeetTZ9TNq8V2Z1kc.jpg,Eleanor Shellstrop,574315adc3a3685342000ace,0,1371807,2,5
False,2,12836,Acting,Ted Danson,Ted Danson,4.708,/xBzs8fPsOLvl6oK6JrugLEBVXJY.jpg,Michael,574315a6c3a36852d100097d,1,1371807,2,5
False,2,1410478,Acting,William Jackson Harper,William Jackson Harper,2.784,/5Oy037YttIweiqNGaErkalNmH0G.jpg,Chidi Anagonye,57d3020dc3a3681ffa000528,2,1371807,2,5
False,1,1624816,Acting,Jameela Jamil,Jameela Jamil,1.66,/rB3lWcIdcldHJxpVQhwNU2ZwWPS.jpg,Tahani Al-Jamil,5743159ec3a36868e40020d4,3,1371807,2,5
False,2,1368795,Acting,Manny Jacinto,Manny Jacinto,0.692,/cjkZzaVR5StB4fqnl58NAOSsH0o.jpg,Jason Mendoza,5809673d925141378a002432,4,1371807,2,5
False,1,1561264,Acting,D'Arcy Carden,D'Arcy Carden,3.192,/guqKvyKdrAB7bjrJQrdmlNnPuuY.jpg,Janet,57d3022cc3a3681ffe000544,5,1371807,2,5
False,1,40462,Acting,Kristen Bell,Kristen Bell,5.821,/kP913krW2QPeetTZ9TNq8V2Z1kc.jpg,Eleanor Shellstrop,574315adc3a3685342000ace,0,1379271,2,6
False,2,12836,Acting,Ted Danson,Ted Danson,4.708,/xBzs8fPsOLvl6oK6JrugLEBVXJY.jpg,Michael,574315a6c3a36852d100097d,1,1379271,2,6
False,2,1410478,Acting,William Jackson Harper,William Jackson Harper,2.784,/5Oy037YttIweiqNGaErkalNmH0G.jpg,Chidi Anagonye,57d3020dc3a3681ffa000528,2,1379271,2,6
False,1,1624816,Acting,Jameela Jamil,Jameela Jamil,1.66,/rB3lWcIdcldHJxpVQhwNU2ZwWPS.jpg,Tahani Al-Jamil,5743159ec3a36868e40020d4,3,1379271,2,6
False,2,1368795,Acting,Manny Jacinto,Manny Jacinto,0.692,/cjkZzaVR5StB4fqnl58NAOSsH0o.jpg,Jason Mendoza,5809673d925141378a002432,4,1379271,2,6
False,1,1561264,Acting,D'Arcy Carden,D'Arcy Carden,3.192,/guqKvyKdrAB7bjrJQrdmlNnPuuY.jpg,Janet,57d3022cc3a3681ffe000544,5,1379271,2,6
False,1,40462,Acting,Kristen Bell,Kristen Bell,5.821,/kP913krW2QPeetTZ9TNq8V2Z1kc.jpg,Eleanor Shellstrop,574315adc3a3685342000ace,0,1379276,2,7
False,2,12836,Acting,Ted Danson,Ted Danson,4.708,/xBzs8fPsOLvl6oK6JrugLEBVXJY.jpg,Michael,574315a6c3a36852d100097d,1,1379276,2,7
False,2,1410478,Acting,William Jackson Harper,William Jackson Harper,2.784,/5Oy037YttIweiqNGaErkalNmH0G.jpg,Chidi Anagonye,57d3020dc3a3681ffa000528,2,1379276,2,7
False,1,1624816,Acting,Jameela Jamil,Jameela Jamil,1.66,/rB3lWcIdcldHJxpVQhwNU2ZwWPS.jpg,Tahani Al-Jamil,5743159ec3a36868e40020d4,3,1379276,2,7
False,2,1368795,Acting,Manny Jacinto,Manny Jacinto,0.692,/cjkZzaVR5StB4fqnl58NAOSsH0o.jpg,Jason Mendoza,5809673d925141378a002432,4,1379276,2,7
False,1,1561264,Acting,D'Arcy Carden,D'Arcy Carden,3.192,/guqKvyKdrAB7bjrJQrdmlNnPuuY.jpg,Janet,57d3022cc3a3681ffe000544,5,1379276,2,7
False,1,40462,Acting,Kristen Bell,Kristen Bell,5.821,/kP913krW2QPeetTZ9TNq8V2Z1kc.jpg,Eleanor Shellstrop,574315adc3a3685342000ace,0,1389172,2,8
False,2,12836,Acting,Ted Danson,Ted Danson,4.708,/xBzs8fPsOLvl6oK6JrugLEBVXJY.jpg,Michael,574315a6c3a36852d100097d,1,1389172,2,8
False,2,1410478,Acting,William Jackson Harper,William Jackson Harper,2.784,/5Oy037YttIweiqNGaErkalNmH0G.jpg,Chidi Anagonye,57d3020dc3a3681ffa000528,2,1389172,2,8
False,1,1624816,Acting,Jameela Jamil,Jameela Jamil,1.66,/rB3lWcIdcldHJxpVQhwNU2ZwWPS.jpg,Tahani Al-Jamil,5743159ec3a36868e40020d4,3,1389172,2,8
False,2,1368795,Acting,Manny Jacinto,Manny Jacinto,0.692,/cjkZzaVR5StB4fqnl58NAOSsH0o.jpg,Jason Mendoza,5809673d925141378a002432,4,1389172,2,8
False,1,1561264,Acting,D'Arcy Carden,D'Arcy Carden,3.192,/guqKvyKdrAB7bjrJQrdmlNnPuuY.jpg,Janet,57d3022cc3a3681ffe000544,5,1389172,2,8
False,1,40462,Acting,Kristen Bell,Kristen Bell,5.821,/kP913krW2QPeetTZ9TNq8V2Z1kc.jpg,Eleanor Shellstrop,574315adc3a3685342000ace,0,1407504,2,9
False,2,12836,Acting,Ted Danson,Ted Danson,4.708,/xBzs8fPsOLvl6oK6JrugLEBVXJY.jpg,Michael,574315a6c3a36852d100097d,1,1407504,2,9
False,2,1410478,Acting,William Jackson Harper,William Jackson Harper,2.784,/5Oy037YttIweiqNGaErkalNmH0G.jpg,Chidi Anagonye,57d3020dc3a3681ffa000528,2,1407504,2,9
False,1,1624816,Acting,Jameela Jamil,Jameela Jamil,1.66,/rB3lWcIdcldHJxpVQhwNU2ZwWPS.jpg,Tahani Al-Jamil,5743159ec3a36868e40020d4,3,1407504,2,9
False,2,1368795,Acting,Manny Jacinto,Manny Jacinto,0.692,/cjkZzaVR5StB4fqnl58NAOSsH0o.jpg,Jason Mendoza,5809673d925141378a002432,4,1407504,2,9
False,1,1561264,Acting,D'Arcy Carden,D'Arcy Carden,3.192,/guqKvyKdrAB7bjrJQrdmlNnPuuY.jpg,Janet,57d3022cc3a3681ffe000544,5,1407504,2,9
False,1,40462,Acting,Kristen Bell,Kristen Bell,5.821,/kP913krW2QPeetTZ9TNq8V2Z1kc.jpg,Eleanor Shellstrop,574315adc3a3685342000ace,0,1417425,2,10
False,2,12836,Acting,Ted Danson,Ted Danson,4.708,/xBzs8fPsOLvl6oK6JrugLEBVXJY.jpg,Michael,574315a6c3a36852d100097d,1,1417425,2,10
False,2,1410478,Acting,William Jackson Harper,William Jackson Harper,2.784,/5Oy037YttIweiqNGaErkalNmH0G.jpg,Chidi Anagonye,57d3020dc3a3681ffa000528,2,1417425,2,10
False,1,1624816,Acting,Jameela Jamil,Jameela Jamil,1.66,/rB3lWcIdcldHJxpVQhwNU2ZwWPS.jpg,Tahani Al-Jamil,5743159ec3a36868e40020d4,3,1417425,2,10
False,2,1368795,Acting,Manny Jacinto,Manny Jacinto,0.692,/cjkZzaVR5StB4fqnl58NAOSsH0o.jpg,Jason Mendoza,5809673d925141378a002432,4,1417425,2,10
False,1,1561264,Acting,D'Arcy Carden,D'Arcy Carden,3.192,/guqKvyKdrAB7bjrJQrdmlNnPuuY.jpg,Janet,57d3022cc3a3681ffe000544,5,1417425,2,10
False,1,40462,Acting,Kristen Bell,Kristen Bell,5.821,/kP913krW2QPeetTZ9TNq8V2Z1kc.jpg,Eleanor Shellstrop,574315adc3a3685342000ace,0,1417426,2,11
False,2,12836,Acting,Ted Danson,Ted Danson,4.708,/xBzs8fPsOLvl6oK6JrugLEBVXJY.jpg,Michael,574315a6c3a36852d100097d,1,1417426,2,11
False,2,1410478,Acting,William Jackson Harper,William Jackson Harper,2.784,/5Oy037YttIweiqNGaErkalNmH0G.jpg,Chidi Anagonye,57d3020dc3a3681ffa000528,2,1417426,2,11
False,1,1624816,Acting,Jameela Jamil,Jameela Jamil,1.66,/rB3lWcIdcldHJxpVQhwNU2ZwWPS.jpg,Tahani Al-Jamil,5743159ec3a36868e40020d4,3,1417426,2,11
False,2,1368795,Acting,Manny Jacinto,Manny Jacinto,0.692,/cjkZzaVR5StB4fqnl58NAOSsH0o.jpg,Jason Mendoza,5809673d925141378a002432,4,1417426,2,11
False,1,1561264,Acting,D'Arcy Carden,D'Arcy Carden,3.192,/guqKvyKdrAB7bjrJQrdmlNnPuuY.jpg,Janet,57d3022cc3a3681ffe000544,5,1417426,2,11
False,1,40462,Acting,Kristen Bell,Kristen Bell,5.821,/kP913krW2QPeetTZ9TNq8V2Z1kc.jpg,Eleanor Shellstrop,574315adc3a3685342000ace,0,1417427,2,12
False,2,12836,Acting,Ted Danson,Ted Danson,4.708,/xBzs8fPsOLvl6oK6JrugLEBVXJY.jpg,Michael,574315a6c3a36852d100097d,1,1417427,2,12
False,2,1410478,Acting,William Jackson Harper,William Jackson Harper,2.784,/5Oy037YttIweiqNGaErkalNmH0G.jpg,Chidi Anagonye,57d3020dc3a3681ffa000528,2,1417427,2,12
False,1,1624816,Acting,Jameela Jamil,Jameela Jamil,1.66,/rB3lWcIdcldHJxpVQhwNU2ZwWPS.jpg,Tahani Al-Jamil,5743159ec3a36868e40020d4,3,1417427,2,12
False,2,1368795,Acting,Manny Jacinto,Manny Jacinto,0.692,/cjkZzaVR5StB4fqnl58NAOSsH0o.jpg,Jason Mendoza,5809673d925141378a002432,4,1417427,2,12
False,1,1561264,Acting,D'Arcy Carden,D'Arcy Carden,3.192,/guqKvyKdrAB7bjrJQrdmlNnPuuY.jpg,Janet,57d3022cc3a3681ffe000544,5,1417427,2,12
False,1,40462,Acting,Kristen Bell,Kristen Bell,5.821,/kP913krW2QPeetTZ9TNq8V2Z1kc.jpg,Eleanor Shellstrop,574315adc3a3685342000ace,0,1510891,3,1
False,2,12836,Acting,Ted Danson,Ted Danson,4.708,/xBzs8fPsOLvl6oK6JrugLEBVXJY.jpg,Michael,574315a6c3a36852d100097d,1,1510891,3,1
False,2,1410478,Acting,William Jackson Harper,William Jackson Harper,2.784,/5Oy037YttIweiqNGaErkalNmH0G.jpg,Chidi Anagonye,57d3020dc3a3681ffa000528,2,1510891,3,1
False,1,1624816,Acting,Jameela Jamil,Jameela Jamil,1.66,/rB3lWcIdcldHJxpVQhwNU2ZwWPS.jpg,Tahani Al-Jamil,5743159ec3a36868e40020d4,3,1510891,3,1
False,2,1368795,Acting,Manny Jacinto,Manny Jacinto,0.692,/cjkZzaVR5StB4fqnl58NAOSsH0o.jpg,Jason Mendoza,5809673d925141378a002432,4,1510891,3,1
False,1,1561264,Acting,D'Arcy Carden,D'Arcy Carden,3.192,/guqKvyKdrAB7bjrJQrdmlNnPuuY.jpg,Janet,57d3022cc3a3681ffe000544,5,1510891,3,1
False,1,40462,Acting,Kristen Bell,Kristen Bell,5.821,/kP913krW2QPeetTZ9TNq8V2Z1kc.jpg,Eleanor Shellstrop,574315adc3a3685342000ace,0,1574791,3,2
False,2,12836,Acting,Ted Danson,Ted Danson,4.708,/xBzs8fPsOLvl6oK6JrugLEBVXJY.jpg,Michael,574315a6c3a36852d100097d,1,1574791,3,2
False,2,1410478,Acting,William Jackson Harper,William Jackson Harper,2.784,/5Oy037YttIweiqNGaErkalNmH0G.jpg,Chidi Anagonye,57d3020dc3a3681ffa000528,2,1574791,3,2
False,1,1624816,Acting,Jameela Jamil,Jameela Jamil,1.66,/rB3lWcIdcldHJxpVQhwNU2ZwWPS.jpg,Tahani Al-Jamil,5743159ec3a36868e40020d4,3,1574791,3,2
False,2,1368795,Acting,Manny Jacinto,Manny Jacinto,0.692,/cjkZzaVR5StB4fqnl58NAOSsH0o.jpg,Jason Mendoza,5809673d925141378a002432,4,1574791,3,2
False,1,1561264,Acting,D'Arcy Carden,D'Arcy Carden,3.192,/guqKvyKdrAB7bjrJQrdmlNnPuuY.jpg,Janet,57d3022cc3a3681ffe000544,5,1574791,3,2
False,1,40462,Acting,Kristen Bell,Kristen Bell,5.821,/kP913krW2QPeetTZ9TNq8V2Z1kc.jpg,Eleanor Shellstrop,574315adc3a3685342000ace,0,1586227,3,3
False,2,12836,Acting,Ted Danson,Ted Danson,4.708,/xBzs8fPsOLvl6oK6JrugLEBVXJY.jpg,Michael,574315a6c3a36852d100097d,1,1586227,3,3
False,2,1410478,Acting,William Jackson Harper,William Jackson Harper,2.784,/5Oy037YttIweiqNGaErkalNmH0G.jpg,Chidi Anagonye,57d3020dc3a3681ffa000528,2,1586227,3,3
False,1,1624816,Acting,Jameela Jamil,Jameela Jamil,1.66,/rB3lWcIdcldHJxpVQhwNU2ZwWPS.jpg,Tahani Al-Jamil,5743159ec3a36868e40020d4,3,1586227,3,3
False,2,1368795,Acting,Manny Jacinto,Manny Jacinto,0.692,/cjkZzaVR5StB4fqnl58NAOSsH0o.jpg,Jason Mendoza,5809673d925141378a002432,4,1586227,3,3
False,1,1561264,Acting,D'Arcy Carden,D'Arcy Carden,3.192,/guqKvyKdrAB7bjrJQrdmlNnPuuY.jpg,Janet,57d3022cc3a3681ffe000544,5,1586227,3,3
False,1,40462,Acting,Kristen Bell,Kristen Bell,5.821,/kP913krW2QPeetTZ9TNq8V2Z1kc.jpg,Eleanor Shellstrop,574315adc3a3685342000ace,0,1586228,3,4
False,2,12836,Acting,Ted Danson,Ted Danson,4.708,/xBzs8fPsOLvl6oK6JrugLEBVXJY.jpg,Michael,574315a6c3a36852d100097d,1,1586228,3,4
False,2,1410478,Acting,William Jackson Harper,William Jackson Harper,2.784,/5Oy037YttIweiqNGaErkalNmH0G.jpg,Chidi Anagonye,57d3020dc3a3681ffa000528,2,1586228,3,4
False,1,1624816,Acting,Jameela Jamil,Jameela Jamil,1.66,/rB3lWcIdcldHJxpVQhwNU2ZwWPS.jpg,Tahani Al-Jamil,5743159ec3a36868e40020d4,3,1586228,3,4
False,2,1368795,Acting,Manny Jacinto,Manny Jacinto,0.692,/cjkZzaVR5StB4fqnl58NAOSsH0o.jpg,Jason Mendoza,5809673d925141378a002432,4,1586228,3,4
False,1,1561264,Acting,D'Arcy Carden,D'Arcy Carden,3.192,/guqKvyKdrAB7bjrJQrdmlNnPuuY.jpg,Janet,57d3022cc3a3681ffe000544,5,1586228,3,4
False,1,40462,Acting,Kristen Bell,Kristen Bell,5.821,/kP913krW2QPeetTZ9TNq8V2Z1kc.jpg,Eleanor Shellstrop,574315adc3a3685342000ace,0,1590077,3,5
False,2,12836,Acting,Ted Danson,Ted Danson,4.708,/xBzs8fPsOLvl6oK6JrugLEBVXJY.jpg,Michael,574315a6c3a36852d100097d,1,1590077,3,5
False,2,1410478,Acting,William Jackson Harper,William Jackson Harper,2.784,/5Oy037YttIweiqNGaErkalNmH0G.jpg,Chidi Anagonye,57d3020dc3a3681ffa000528,2,1590077,3,5
False,1,1624816,Acting,Jameela Jamil,Jameela Jamil,1.66,/rB3lWcIdcldHJxpVQhwNU2ZwWPS.jpg,Tahani Al-Jamil,5743159ec3a36868e40020d4,3,1590077,3,5
False,2,1368795,Acting,Manny Jacinto,Manny Jacinto,0.692,/cjkZzaVR5StB4fqnl58NAOSsH0o.jpg,Jason Mendoza,5809673d925141378a002432,4,1590077,3,5
False,1,1561264,Acting,D'Arcy Carden,D'Arcy Carden,3.192,/guqKvyKdrAB7bjrJQrdmlNnPuuY.jpg,Janet,57d3022cc3a3681ffe000544,5,1590077,3,5
False,1,40462,Acting,Kristen Bell,Kristen Bell,5.821,/kP913krW2QPeetTZ9TNq8V2Z1kc.jpg,Eleanor Shellstrop,574315adc3a3685342000ace,0,1591871,3,6
False,2,12836,Acting,Ted Danson,Ted Danson,4.708,/xBzs8fPsOLvl6oK6JrugLEBVXJY.jpg,Michael,574315a6c3a36852d100097d,1,1591871,3,6
False,2,1410478,Acting,William Jackson Harper,William Jackson Harper,2.784,/5Oy037YttIweiqNGaErkalNmH0G.jpg,Chidi Anagonye,57d3020dc3a3681ffa000528,2,1591871,3,6
False,1,1624816,Acting,Jameela Jamil,Jameela Jamil,1.66,/rB3lWcIdcldHJxpVQhwNU2ZwWPS.jpg,Tahani Al-Jamil,5743159ec3a36868e40020d4,3,1591871,3,6
False,2,1368795,Acting,Manny Jacinto,Manny Jacinto,0.692,/cjkZzaVR5StB4fqnl58NAOSsH0o.jpg,Jason Mendoza,5809673d925141378a002432,4,1591871,3,6
False,1,1561264,Acting,D'Arcy Carden,D'Arcy Carden,3.192,/guqKvyKdrAB7bjrJQrdmlNnPuuY.jpg,Janet,57d3022cc3a3681ffe000544,5,1591871,3,6
False,1,40462,Acting,Kristen Bell,Kristen Bell,5.821,/kP913krW2QPeetTZ9TNq8V2Z1kc.jpg,Eleanor Shellstrop,574315adc3a3685342000ace,0,1593084,3,7
False,2,12836,Acting,Ted Danson,Ted Danson,4.708,/xBzs8fPsOLvl6oK6JrugLEBVXJY.jpg,Michael,574315a6c3a36852d100097d,1,1593084,3,7
False,2,1410478,Acting,William Jackson Harper,William Jackson Harper,2.784,/5Oy037YttIweiqNGaErkalNmH0G.jpg,Chidi Anagonye,57d3020dc3a3681ffa000528,2,1593084,3,7
False,1,1624816,Acting,Jameela Jamil,Jameela Jamil,1.66,/rB3lWcIdcldHJxpVQhwNU2ZwWPS.jpg,Tahani Al-Jamil,5743159ec3a36868e40020d4,3,1593084,3,7
False,2,1368795,Acting,Manny Jacinto,Manny Jacinto,0.692,/cjkZzaVR5StB4fqnl58NAOSsH0o.jpg,Jason Mendoza,5809673d925141378a002432,4,1593084,3,7
False,1,1561264,Acting,D'Arcy Carden,D'Arcy Carden,3.192,/guqKvyKdrAB7bjrJQrdmlNnPuuY.jpg,Janet,57d3022cc3a3681ffe000544,5,1593084,3,7
False,1,40462,Acting,Kristen Bell,Kristen Bell,5.821,/kP913krW2QPeetTZ9TNq8V2Z1kc.jpg,Eleanor Shellstrop,574315adc3a3685342000ace,0,1593085,3,8
False,2,12836,Acting,Ted Danson,Ted Danson,4.708,/xBzs8fPsOLvl6oK6JrugLEBVXJY.jpg,Michael,574315a6c3a36852d100097d,1,1593085,3,8
False,2,1410478,Acting,William Jackson Harper,William Jackson Harper,2.784,/5Oy037YttIweiqNGaErkalNmH0G.jpg,Chidi Anagonye,57d3020dc3a3681ffa000528,2,1593085,3,8
False,1,1624816,Acting,Jameela Jamil,Jameela Jamil,1.66,/rB3lWcIdcldHJxpVQhwNU2ZwWPS.jpg,Tahani Al-Jamil,5743159ec3a36868e40020d4,3,1593085,3,8
False,2,1368795,Acting,Manny Jacinto,Manny Jacinto,0.692,/cjkZzaVR5StB4fqnl58NAOSsH0o.jpg,Jason Mendoza,5809673d925141378a002432,4,1593085,3,8
False,1,1561264,Acting,D'Arcy Carden,D'Arcy Carden,3.192,/guqKvyKdrAB7bjrJQrdmlNnPuuY.jpg,Janet,57d3022cc3a3681ffe000544,5,1593085,3,8
False,1,40462,Acting,Kristen Bell,Kristen Bell,5.821,/kP913krW2QPeetTZ9TNq8V2Z1kc.jpg,Eleanor Shellstrop,574315adc3a3685342000ace,0,1593086,3,9
False,2,12836,Acting,Ted Danson,Ted Danson,4.708,/xBzs8fPsOLvl6oK6JrugLEBVXJY.jpg,Michael,574315a6c3a36852d100097d,1,1593086,3,9
False,2,1410478,Acting,William Jackson Harper,William Jackson Harper,2.784,/5Oy037YttIweiqNGaErkalNmH0G.jpg,Chidi Anagonye,57d3020dc3a3681ffa000528,2,1593086,3,9
False,1,1624816,Acting,Jameela Jamil,Jameela Jamil,1.66,/rB3lWcIdcldHJxpVQhwNU2ZwWPS.jpg,Tahani Al-Jamil,5743159ec3a36868e40020d4,3,1593086,3,9
False,2,1368795,Acting,Manny Jacinto,Manny Jacinto,0.692,/cjkZzaVR5StB4fqnl58NAOSsH0o.jpg,Jason Mendoza,5809673d925141378a002432,4,1593086,3,9
False,1,1561264,Acting,D'Arcy Carden,D'Arcy Carden,3.192,/guqKvyKdrAB7bjrJQrdmlNnPuuY.jpg,Janet,57d3022cc3a3681ffe000544,5,1593086,3,9
False,1,40462,Acting,Kristen Bell,Kristen Bell,5.821,/kP913krW2QPeetTZ9TNq8V2Z1kc.jpg,Eleanor Shellstrop,574315adc3a3685342000ace,0,1624957,3,10
False,2,12836,Acting,Ted Danson,Ted Danson,4.708,/xBzs8fPsOLvl6oK6JrugLEBVXJY.jpg,Michael,574315a6c3a36852d100097d,1,1624957,3,10
False,2,1410478,Acting,William Jackson Harper,William Jackson Harper,2.784,/5Oy037YttIweiqNGaErkalNmH0G.jpg,Chidi Anagonye,57d3020dc3a3681ffa000528,2,1624957,3,10
False,1,1624816,Acting,Jameela Jamil,Jameela Jamil,1.66,/rB3lWcIdcldHJxpVQhwNU2ZwWPS.jpg,Tahani Al-Jamil,5743159ec3a36868e40020d4,3,1624957,3,10
False,2,1368795,Acting,Manny Jacinto,Manny Jacinto,0.692,/cjkZzaVR5StB4fqnl58NAOSsH0o.jpg,Jason Mendoza,5809673d925141378a002432,4,1624957,3,10
False,1,1561264,Acting,D'Arcy Carden,D'Arcy Carden,3.192,/guqKvyKdrAB7bjrJQrdmlNnPuuY.jpg,Janet,57d3022cc3a3681ffe000544,5,1624957,3,10
False,1,40462,Acting,Kristen Bell,Kristen Bell,5.821,/kP913krW2QPeetTZ9TNq8V2Z1kc.jpg,Eleanor Shellstrop,574315adc3a3685342000ace,0,1664109,3,11
False,2,12836,Acting,Ted Danson,Ted Danson,4.708,/xBzs8fPsOLvl6oK6JrugLEBVXJY.jpg,Michael,574315a6c3a36852d100097d,1,1664109,3,11
False,2,1410478,Acting,William Jackson Harper,William Jackson Harper,2.784,/5Oy037YttIweiqNGaErkalNmH0G.jpg,Chidi Anagonye,57d3020dc3a3681ffa000528,2,1664109,3,11
False,1,1624816,Acting,Jameela Jamil,Jameela Jamil,1.66,/rB3lWcIdcldHJxpVQhwNU2ZwWPS.jpg,Tahani Al-Jamil,5743159ec3a36868e40020d4,3,1664109,3,11
False,2,1368795,Acting,Manny Jacinto,Manny Jacinto,0.692,/cjkZzaVR5StB4fqnl58NAOSsH0o.jpg,Jason Mendoza,5809673d925141378a002432,4,1664109,3,11
False,1,1561264,Acting,D'Arcy Carden,D'Arcy Carden,3.192,/guqKvyKdrAB7bjrJQrdmlNnPuuY.jpg,Janet,57d3022cc3a3681ffe000544,5,1664109,3,11
False,1,40462,Acting,Kristen Bell,Kristen Bell,5.821,/kP913krW2QPeetTZ9TNq8V2Z1kc.jpg,Eleanor Shellstrop,574315adc3a3685342000ace,0,1664110,3,12
False,2,12836,Acting,Ted Danson,Ted Danson,4.708,/xBzs8fPsOLvl6oK6JrugLEBVXJY.jpg,Michael,574315a6c3a36852d100097d,1,1664110,3,12
False,2,1410478,Acting,William Jackson Harper,William Jackson Harper,2.784,/5Oy037YttIweiqNGaErkalNmH0G.jpg,Chidi Anagonye,57d3020dc3a3681ffa000528,2,1664110,3,12
False,1,1624816,Acting,Jameela Jamil,Jameela Jamil,1.66,/rB3lWcIdcldHJxpVQhwNU2ZwWPS.jpg,Tahani Al-Jamil,5743159ec3a36868e40020d4,3,1664110,3,12
False,2,1368795,Acting,Manny Jacinto,Manny Jacinto,0.692,/cjkZzaVR5StB4fqnl58NAOSsH0o.jpg,Jason Mendoza,5809673d925141378a002432,4,1664110,3,12
False,1,1561264,Acting,D'Arcy Carden,D'Arcy Carden,3.192,/guqKvyKdrAB7bjrJQrdmlNnPuuY.jpg,Janet,57d3022cc3a3681ffe000544,5,1664110,3,12
False,1,40462,Acting,Kristen Bell,Kristen Bell,5.821,/kP913krW2QPeetTZ9TNq8V2Z1kc.jpg,Eleanor Shellstrop,574315adc3a3685342000ace,0,1879380,4,1
False,2,12836,Acting,Ted Danson,Ted Danson,4.708,/xBzs8fPsOLvl6oK6JrugLEBVXJY.jpg,Michael,574315a6c3a36852d100097d,1,1879380,4,1
False,2,1410478,Acting,William Jackson Harper,William Jackson Harper,2.784,/5Oy037YttIweiqNGaErkalNmH0G.jpg,Chidi Anagonye,57d3020dc3a3681ffa000528,2,1879380,4,1
False,1,1624816,Acting,Jameela Jamil,Jameela Jamil,1.66,/rB3lWcIdcldHJxpVQhwNU2ZwWPS.jpg,Tahani Al-Jamil,5743159ec3a36868e40020d4,3,1879380,4,1
False,2,1368795,Acting,Manny Jacinto,Manny Jacinto,0.692,/cjkZzaVR5StB4fqnl58NAOSsH0o.jpg,Jason Mendoza,5809673d925141378a002432,4,1879380,4,1
False,1,1561264,Acting,D'Arcy Carden,D'Arcy Carden,3.192,/guqKvyKdrAB7bjrJQrdmlNnPuuY.jpg,Janet,57d3022cc3a3681ffe000544,5,1879380,4,1
False,1,40462,Acting,Kristen Bell,Kristen Bell,5.821,/kP913krW2QPeetTZ9TNq8V2Z1kc.jpg,Eleanor Shellstrop,574315adc3a3685342000ace,0,1938962,4,2
False,2,12836,Acting,Ted Danson,Ted Danson,4.708,/xBzs8fPsOLvl6oK6JrugLEBVXJY.jpg,Michael,574315a6c3a36852d100097d,1,1938962,4,2
False,2,1410478,Acting,William Jackson Harper,William Jackson Harper,2.784,/5Oy037YttIweiqNGaErkalNmH0G.jpg,Chidi Anagonye,57d3020dc3a3681ffa000528,2,1938962,4,2
False,1,1624816,Acting,Jameela Jamil,Jameela Jamil,1.66,/rB3lWcIdcldHJxpVQhwNU2ZwWPS.jpg,Tahani Al-Jamil,5743159ec3a36868e40020d4,3,1938962,4,2
False,2,1368795,Acting,Manny Jacinto,Manny Jacinto,0.692,/cjkZzaVR5StB4fqnl58NAOSsH0o.jpg,Jason Mendoza,5809673d925141378a002432,4,1938962,4,2
False,1,1561264,Acting,D'Arcy Carden,D'Arcy Carden,3.192,/guqKvyKdrAB7bjrJQrdmlNnPuuY.jpg,Janet,57d3022cc3a3681ffe000544,5,1938962,4,2
False,1,40462,Acting,Kristen Bell,Kristen Bell,5.821,/kP913krW2QPeetTZ9TNq8V2Z1kc.jpg,Eleanor Shellstrop,574315adc3a3685342000ace,0,1939845,4,3
False,2,12836,Acting,Ted Danson,Ted Danson,4.708,/xBzs8fPsOLvl6oK6JrugLEBVXJY.jpg,Michael,574315a6c3a36852d100097d,1,1939845,4,3
False,2,1410478,Acting,William Jackson Harper,William Jackson Harper,2.784,/5Oy037YttIweiqNGaErkalNmH0G.jpg,Chidi Anagonye,57d3020dc3a3681ffa000528,2,1939845,4,3
False,1,1624816,Acting,Jameela Jamil,Jameela Jamil,1.66,/rB3lWcIdcldHJxpVQhwNU2ZwWPS.jpg,Tahani Al-Jamil,5743159ec3a36868e40020d4,3,1939845,4,3
False,2,1368795,Acting,Manny Jacinto,Manny Jacinto,0.692,/cjkZzaVR5StB4fqnl58NAOSsH0o.jpg,Jason Mendoza,5809673d925141378a002432,4,1939845,4,3
False,1,1561264,Acting,D'Arcy Carden,D'Arcy Carden,3.192,/guqKvyKdrAB7bjrJQrdmlNnPuuY.jpg,Janet,57d3022cc3a3681ffe000544,5,1939845,4,3
False,1,40462,Acting,Kristen Bell,Kristen Bell,5.821,/kP913krW2QPeetTZ9TNq8V2Z1kc.jpg,Eleanor Shellstrop,574315adc3a3685342000ace,0,1945236,4,4
False,2,12836,Acting,Ted Danson,Ted Danson,4.708,/xBzs8fPsOLvl6oK6JrugLEBVXJY.jpg,Michael,574315a6c3a36852d100097d,1,1945236,4,4
False,2,1410478,Acting,William Jackson Harper,William Jackson Harper,2.784,/5Oy037YttIweiqNGaErkalNmH0G.jpg,Chidi Anagonye,57d3020dc3a3681ffa000528,2,1945236,4,4
False,1,1624816,Acting,Jameela Jamil,Jameela Jamil,1.66,/rB3lWcIdcldHJxpVQhwNU2ZwWPS.jpg,Tahani Al-Jamil,5743159ec3a36868e40020d4,3,1945236,4,4
False,2,1368795,Acting,Manny Jacinto,Manny Jacinto,0.692,/cjkZzaVR5StB4fqnl58NAOSsH0o.jpg,Jason Mendoza,5809673d925141378a002432,4,1945236,4,4
False,1,1561264,Acting,D'Arcy Carden,D'Arcy Carden,3.192,/guqKvyKdrAB7bjrJQrdmlNnPuuY.jpg,Janet,57d3022cc3a3681ffe000544,5,1945236,4,4
False,1,40462,Acting,Kristen Bell,Kristen Bell,5.821,/kP913krW2QPeetTZ9TNq8V2Z1kc.jpg,Eleanor Shellstrop,574315adc3a3685342000ace,0,1954743,4,5
False,2,12836,Acting,Ted Danson,Ted Danson,4.708,/xBzs8fPsOLvl6oK6JrugLEBVXJY.jpg,Michael,574315a6c3a36852d100097d,1,1954743,4,5
False,2,1410478,Acting,William Jackson Harper,William Jackson Harper,2.784,/5Oy037YttIweiqNGaErkalNmH0G.jpg,Chidi Anagonye,57d3020dc3a3681ffa000528,2,1954743,4,5
False,1,1624816,Acting,Jameela Jamil,Jameela Jamil,1.66,/rB3lWcIdcldHJxpVQhwNU2ZwWPS.jpg,Tahani Al-Jamil,5743159ec3a36868e40020d4,3,1954743,4,5
False,2,1368795,Acting,Manny Jacinto,Manny Jacinto,0.692,/cjkZzaVR5StB4fqnl58NAOSsH0o.jpg,Jason Mendoza,5809673d925141378a002432,4,1954743,4,5
False,1,1561264,Acting,D'Arcy Carden,D'Arcy Carden,3.192,/guqKvyKdrAB7bjrJQrdmlNnPuuY.jpg,Janet,57d3022cc3a3681ffe000544,5,1954743,4,5
False,1,40462,Acting,Kristen Bell,Kristen Bell,5.821,/kP913krW2QPeetTZ9TNq8V2Z1kc.jpg,Eleanor Shellstrop,574315adc3a3685342000ace,0,1954744,4,6
False,2,12836,Acting,Ted Danson,Ted Danson,4.708,/xBzs8fPsOLvl6oK6JrugLEBVXJY.jpg,Michael,574315a6c3a36852d100097d,1,1954744,4,6
False,2,1410478,Acting,William Jackson Harper,William Jackson Harper,2.784,/5Oy037YttIweiqNGaErkalNmH0G.jpg,Chidi Anagonye,57d3020dc3a3681ffa000528,2,1954744,4,6
False,1,1624816,Acting,Jameela Jamil,Jameela Jamil,1.66,/rB3lWcIdcldHJxpVQhwNU2ZwWPS.jpg,Tahani Al-Jamil,5743159ec3a36868e40020d4,3,1954744,4,6
False,2,1368795,Acting,Manny Jacinto,Manny Jacinto,0.692,/cjkZzaVR5StB4fqnl58NAOSsH0o.jpg,Jason Mendoza,5809673d925141378a002432,4,1954744,4,6
False,1,1561264,Acting,D'Arcy Carden,D'Arcy Carden,3.192,/guqKvyKdrAB7bjrJQrdmlNnPuuY.jpg,Janet,57d3022cc3a3681ffe000544,5,1954744,4,6
False,1,40462,Acting,Kristen Bell,Kristen Bell,5.821,/kP913krW2QPeetTZ9TNq8V2Z1kc.jpg,Eleanor Shellstrop,574315adc3a3685342000ace,0,1964746,4,7
False,2,12836,Acting,Ted Danson,Ted Danson,4.708,/xBzs8fPsOLvl6oK6JrugLEBVXJY.jpg,Michael,574315a6c3a36852d100097d,1,1964746,4,7
False,2,1410478,Acting,William Jackson Harper,William Jackson Harper,2.784,/5Oy037YttIweiqNGaErkalNmH0G.jpg,Chidi Anagonye,57d3020dc3a3681ffa000528,2,1964746,4,7
False,1,1624816,Acting,Jameela Jamil,Jameela Jamil,1.66,/rB3lWcIdcldHJxpVQhwNU2ZwWPS.jpg,Tahani Al-Jamil,5743159ec3a36868e40020d4,3,1964746,4,7
False,2,1368795,Acting,Manny Jacinto,Manny Jacinto,0.692,/cjkZzaVR5StB4fqnl58NAOSsH0o.jpg,Jason Mendoza,5809673d925141378a002432,4,1964746,4,7
False,1,1561264,Acting,D'Arcy Carden,D'Arcy Carden,3.192,/guqKvyKdrAB7bjrJQrdmlNnPuuY.jpg,Janet,57d3022cc3a3681ffe000544,5,1964746,4,7
False,1,40462,Acting,Kristen Bell,Kristen Bell,5.821,/kP913krW2QPeetTZ9TNq8V2Z1kc.jpg,Eleanor Shellstrop,574315adc3a3685342000ace,0,1972661,4,8
False,2,12836,Acting,Ted Danson,Ted Danson,4.708,/xBzs8fPsOLvl6oK6JrugLEBVXJY.jpg,Michael,574315a6c3a36852d100097d,1,1972661,4,8
False,2,1410478,Acting,William Jackson Harper,William Jackson Harper,2.784,/5Oy037YttIweiqNGaErkalNmH0G.jpg,Chidi Anagonye,57d3020dc3a3681ffa000528,2,1972661,4,8
False,1,1624816,Acting,Jameela Jamil,Jameela Jamil,1.66,/rB3lWcIdcldHJxpVQhwNU2ZwWPS.jpg,Tahani Al-Jamil,5743159ec3a36868e40020d4,3,1972661,4,8
False,2,1368795,Acting,Manny Jacinto,Manny Jacinto,0.692,/cjkZzaVR5StB4fqnl58NAOSsH0o.jpg,Jason Mendoza,5809673d925141378a002432,4,1972661,4,8
False,1,1561264,Acting,D'Arcy Carden,D'Arcy Carden,3.192,/guqKvyKdrAB7bjrJQrdmlNnPuuY.jpg,Janet,57d3022cc3a3681ffe000544,5,1972661,4,8
False,1,40462,Acting,Kristen Bell,Kristen Bell,5.821,/kP913krW2QPeetTZ9TNq8V2Z1kc.jpg,Eleanor Shellstrop,574315adc3a3685342000ace,0,1978272,4,9
False,2,12836,Acting,Ted Danson,Ted Danson,4.708,/xBzs8fPsOLvl6oK6JrugLEBVXJY.jpg,Michael,574315a6c3a36852d100097d,1,1978272,4,9
False,2,1410478,Acting,William Jackson Harper,William Jackson Harper,2.784,/5Oy037YttIweiqNGaErkalNmH0G.jpg,Chidi Anagonye,57d3020dc3a3681ffa000528,2,1978272,4,9
False,1,1624816,Acting,Jameela Jamil,Jameela Jamil,1.66,/rB3lWcIdcldHJxpVQhwNU2ZwWPS.jpg,Tahani Al-Jamil,5743159ec3a36868e40020d4,3,1978272,4,9
False,2,1368795,Acting,Manny Jacinto,Manny Jacinto,0.692,/cjkZzaVR5StB4fqnl58NAOSsH0o.jpg,Jason Mendoza,5809673d925141378a002432,4,1978272,4,9
False,1,1561264,Acting,D'Arcy Carden,D'Arcy Carden,3.192,/guqKvyKdrAB7bjrJQrdmlNnPuuY.jpg,Janet,57d3022cc3a3681ffe000544,5,1978272,4,9
False,1,40462,Acting,Kristen Bell,Kristen Bell,5.821,/kP913krW2QPeetTZ9TNq8V2Z1kc.jpg,Eleanor Shellstrop,574315adc3a3685342000ace,0,1993068,4,10
False,2,12836,Acting,Ted Danson,Ted Danson,4.708,/xBzs8fPsOLvl6oK6JrugLEBVXJY.jpg,Michael,574315a6c3a36852d100097d,1,1993068,4,10
False,2,1410478,Acting,William Jackson Harper,William Jackson Harper,2.784,/5Oy037YttIweiqNGaErkalNmH0G.jpg,Chidi Anagonye,57d3020dc3a3681ffa000528,2,1993068,4,10
False,1,1624816,Acting,Jameela Jamil,Jameela Jamil,1.66,/rB3lWcIdcldHJxpVQhwNU2ZwWPS.jpg,Tahani Al-Jamil,5743159ec3a36868e40020d4,3,1993068,4,10
False,2,1368795,Acting,Manny Jacinto,Manny Jacinto,0.692,/cjkZzaVR5StB4fqnl58NAOSsH0o.jpg,Jason Mendoza,5809673d925141378a002432,4,1993068,4,10
False,1,1561264,Acting,D'Arcy Carden,D'Arcy Carden,3.192,/guqKvyKdrAB7bjrJQrdmlNnPuuY.jpg,Janet,57d3022cc3a3681ffe000544,5,1993068,4,10
False,1,40462,Acting,Kristen Bell,Kristen Bell,5.821,/kP913krW2QPeetTZ9TNq8V2Z1kc.jpg,Eleanor Shellstrop,574315adc3a3685342000ace,0,2043897,4,11
False,2,12836,Acting,Ted Danson,Ted Danson,4.708,/xBzs8fPsOLvl6oK6JrugLEBVXJY.jpg,Michael,574315a6c3a36852d100097d,1,2043897,4,11
False,2,1410478,Acting,William Jackson Harper,William Jackson Harper,2.784,/5Oy037YttIweiqNGaErkalNmH0G.jpg,Chidi Anagonye,57d3020dc3a3681ffa000528,2,2043897,4,11
False,1,1624816,Acting,Jameela Jamil,Jameela Jamil,1.66,/rB3lWcIdcldHJxpVQhwNU2ZwWPS.jpg,Tahani Al-Jamil,5743159ec3a36868e40020d4,3,2043897,4,11
False,2,1368795,Acting,Manny Jacinto,Manny Jacinto,0.692,/cjkZzaVR5StB4fqnl58NAOSsH0o.jpg,Jason Mendoza,5809673d925141378a002432,4,2043897,4,11
False,1,1561264,Acting,D'Arcy Carden,D'Arcy Carden,3.192,/guqKvyKdrAB7bjrJQrdmlNnPuuY.jpg,Janet,57d3022cc3a3681ffe000544,5,2043897,4,11
False,1,40462,Acting,Kristen Bell,Kristen Bell,5.821,/kP913krW2QPeetTZ9TNq8V2Z1kc.jpg,Eleanor Shellstrop,574315adc3a3685342000ace,0,2043898,4,12
False,2,12836,Acting,Ted Danson,Ted Danson,4.708,/xBzs8fPsOLvl6oK6JrugLEBVXJY.jpg,Michael,574315a6c3a36852d100097d,1,2043898,4,12
False,2,1410478,Acting,William Jackson Harper,William Jackson Harper,2.784,/5Oy037YttIweiqNGaErkalNmH0G.jpg,Chidi Anagonye,57d3020dc3a3681ffa000528,2,2043898,4,12
False,1,1624816,Acting,Jameela Jamil,Jameela Jamil,1.66,/rB3lWcIdcldHJxpVQhwNU2ZwWPS.jpg,Tahani Al-Jamil,5743159ec3a36868e40020d4,3,2043898,4,12
False,2,1368795,Acting,Manny Jacinto,Manny Jacinto,0.692,/cjkZzaVR5StB4fqnl58NAOSsH0o.jpg,Jason Mendoza,5809673d925141378a002432,4,2043898,4,12
False,1,1561264,Acting,D'Arcy Carden,D'Arcy Carden,3.192,/guqKvyKdrAB7bjrJQrdmlNnPuuY.jpg,Janet,57d3022cc3a3681ffe000544,5,2043898,4,12
False,1,40462,Acting,Kristen Bell,Kristen Bell,5.821,/kP913krW2QPeetTZ9TNq8V2Z1kc.jpg,Eleanor Shellstrop,574315adc3a3685342000ace,0,2043899,4,13
False,2,12836,Acting,Ted Danson,Ted Danson,4.708,/xBzs8fPsOLvl6oK6JrugLEBVXJY.jpg,Michael,574315a6c3a36852d100097d,1,2043899,4,13
False,2,1410478,Acting,William Jackson Harper,William Jackson Harper,2.784,/5Oy037YttIweiqNGaErkalNmH0G.jpg,Chidi Anagonye,57d3020dc3a3681ffa000528,2,2043899,4,13
False,1,1624816,Acting,Jameela Jamil,Jameela Jamil,1.66,/rB3lWcIdcldHJxpVQhwNU2ZwWPS.jpg,Tahani Al-Jamil,5743159ec3a36868e40020d4,3,2043899,4,13
False,2,1368795,Acting,Manny Jacinto,Manny Jacinto,0.692,/cjkZzaVR5StB4fqnl58NAOSsH0o.jpg,Jason Mendoza,5809673d925141378a002432,4,2043899,4,13
False,1,1561264,Acting,D'Arcy Carden,D'Arcy Carden,3.192,/guqKvyKdrAB7bjrJQrdmlNnPuuY.jpg,Janet,57d3022cc3a3681ffe000544,5,2043899,4,13
