airDate,episodeNumber,id,overview,voteAverage,voteCount
2006-07-13,1,170252,"The accountants inform Jan that the books don't balance and $3000 is missing. The accountants decide to interrogate the other office employees, but Oscar is sure Michael took it.",4.0,1
2006-07-13,2,2413270,The accountants question Phyllis and she makes a confession that she borrowed $14 and forgot to report it.,0.0,0
2006-07-20,3,2413272,"Meredith is the next employee to be questioned. She claims that she wouldn't be at work if she did and wouldn't risk getting arrested because she has a son to take care of. She also indicates she has already lost custody of her other child, a daughter, so would not risk it.",0.0,0
2006-07-27,4,2413273,The accountants talk to Stanley. Stanley thinks whoever did it is smart to steal that much.,0.0,0
2006-08-03,5,2413274,"Kevin thinks Angela has a crush on Roy, who ends up being questioned next, but he doesn't even know how to take $3000 out of petty cash.",0.0,0
2006-08-10,6,2413275,Kevin types a memo for the thief to come forward. Kevin gets ticked off that Angela is bossing him around and makes a fake memo for himself.,0.0,0
2006-08-17,7,2413276,"With new developments, the accountants start turning on each other.",0.0,0
2006-08-24,8,2413277,"The accountants wait for Michael to leave his office so that they can check to see if he stole the money, and Angela is mean to Kevin.",0.0,0
2006-08-31,9,2413278,"The accountants check Michael's office for evidence of the money. After finding nothing but inexpensive, useless novelty items, Oscar and Kevin unanimously decide Angela must talk to him.",0.0,0
2006-09-07,10,2413280,"Dwight confronts Angela about her decision to accuse Michael of taking the money. Kevin and Oscar discover that the missing funds are merely an accounting mistake made by Angela, upon which Kevin declares ""this is the best day of my life.""",0.0,0
2006-09-12,11,2301607,Season 2 Blooper Reel,0.0,0
2007-09-04,12,2301617,Season 3 Blooper Reel,0.0,0
2008-07-10,13,170255,Kevin talks about all his money troubles and Oscar gets tired of listening to it.,0.0,0
2008-07-17,14,2413285,"Kevin decides to start his own business, but his interview with the loan officer does not go to well.",0.0,0
2008-07-24,15,2413287,"As Kevin struggles to secure a loan, Darryl offers to help him out.",0.0,0
2008-07-31,16,2413288,"Kevin's second attempt to secure a bank load goes just as poorly as the first, so he attempts to pay off his debt in another way.",0.0,0
2008-09-02,17,2301620,Season 4 Blooper Reel,0.0,0
2008-11-20,18,170253,Oscar is talking on the phone at work and suddenly has a meltdown which leaves his coworkers wondering what has happened.,0.0,0
2008-11-26,19,2413289,Oscar's co-workers begin to needle him about why he had an outburst.,0.0,0
2008-12-04,20,2413290,The desire to learn more about the outburst has Oscar's coworkers invading his personal space.,0.0,0
2008-12-11,21,2413291,The reason for Oscar's outburst at work is revealed to all his co-workers.,0.0,0
2009-05-07,22,170254,Creed has been blackmailing people for unknown reasons and his first target is Oscar Martinez.,0.0,0
2009-05-14,23,2413293,What dirt did Creed dig up on Andy?,0.0,0
2009-05-21,24,2413297,"After blackmailing Oscar Martinez and the Nard Dog, Creed decides to blackmail Kelly Kapoor.",0.0,0
2009-05-28,25,2413300,"The Dunder Mifflin employees have had it with Creed blackmailing them. As a result, they show him interesting facts about Creed.",0.0,0
2009-09-08,26,2301623,Season 5 Blooper Reel,0.0,0
2009-10-29,27,170256,"Kelly and Erin work with Ryan to create a new band called ""Subtle Sexuality"".",0.0,0
2009-10-29,28,2413302,"When Ryan drops out of the music group, the girls seek for a new member.",0.0,0
2009-10-29,29,2413303,The finished product is revealed as Erin and Kelly watch their new music video.,0.0,0
2010-03-04,30,170257,Erin considers becoming an accountant and Angela takes her under her tutelage.,0.0,0
2010-03-04,31,2413304,"As Erin continues to try her hand at accounting, she struggles with conveying authority.",0.0,0
2010-03-04,32,2413305,"Taking the accounting job seriously, Erin forgoes lunch to remain with Angela.",0.0,0
2010-03-04,33,2413306,When Kelly and Ryan show Erin they are BFFs this annoys Angela which prompts Kevin to make an offer.,0.0,0
2010-09-07,34,2301625,Season 6 Blooper Reel,0.0,0
2010-09-08,35,170258,"Before you dive into season 7, get caught up on everything that’s been going on at the office with this hilarious recap episode.",0.0,0
2010-10-28,36,170260,Kelley and Erin find a new way to get famous.,0.0,0
2010-10-28,37,2413313,Filming for Ryan's horror film begins.,0.0,0
2010-10-28,38,2413314,"That's a wrap. Watch the full trailer for ""The 3rd Floor,"" if you dare.",0.0,0
2011-01-20,39,170262,Gabe is jealous over the attention towards Oscar's blog.,0.0,0
2011-01-20,40,2413317,Gabe's coworkers agree to be in his podcast.,0.0,0
2011-01-20,41,2413318,Gabe and his coworkers atempt at creating his first podcast.,0.0,0
2011-02-18,42,170261,"After 11 years of filming, editing, re-shooting, and re-editing, Michael Scott finally screened his action magnum opus, “Threat Level Midnight”. The short film stars Michael as Agent Michael Scarn, Dwight as Scarn’s sidekick Samuel L. Chang and Jim as painted evil-doer “Goldenface.” It’s “Goldfinger” meets “Youngblood” meets “The Maltese Falcon,” with a twist of “Thriller.”",10.0,1
2011-05-04,43,170263,"Kelly Kapoor and Erin Hannon reveal the details behind the making of their music video, ""The Girl Next Door"".",0.0,0
2011-05-04,44,2413321,Music video that tells the story of a high school jock that wonders if he made the wrong choice in choosing the popular girl over the nerdy girl.,0.0,0
2011-09-06,45,2301627,Season 7 Blooper Reel,0.0,0
2012-09-04,46,2301628,Season 8 Blooper Reel,0.0,0
2013-05-16,47,170264,"This special one-hour retrospective features interviews with writers, producers and actors from the award-winning series. There are also some favorite moments from the series and a behind-the-scenes look at the finale.",10.0,1
2013-09-03,48,2301629,Season 9 Blooper Reel,0.0,0
2021-01-01,49,2641197,A never-before-seen cold open from The Office's ninth season,0.0,0
2005-01-01,50,2796681,Deleted scenes from season 1 the office. Included with the DVD version. 55:23 runtime.,0.0,0
2005-01-06,51,2796696,Season 1 Blooper Reel,0.0,0
2011-09-05,52,2796697,Season 6 Blooper Reel,0.0,0
2006-09-08,53,2796698,Season 2 Deleted Scenes Part 1. Deleted scenes included with disk 1. 41:00 Runtime.,0.0,0
2006-09-14,54,2796701,Season 2 Deleted Scenes Part 2. Deleted scenes included with disk 2. 47:16 Runtime.,0.0,0
2006-09-19,55,2796712,Season 2 Deleted Scenes Part 3. Deleted scenes included with disk 3. 31:03 Runtime.,0.0,0
2006-09-21,56,2796718,Season 2 Deleted Scenes Part 4. Deleted scenes included with disk 4. 22:08 Runtime.,0.0,0
2007-09-03,57,2796726,Season 3 Deleted Scenes Part 1. Deleted scenes included with disk 1. 48:31 Runtime.,0.0,0
2007-09-03,58,2796727,Season 3 Deleted Scenes Part 2. Deleted scenes included with disk 2. 41:28 Runtime.,0.0,0
2007-09-03,59,2796728,Season 3 Deleted Scenes Part 3. Deleted scenes included with disk 3. 55:23 Runtime.,0.0,0
2007-09-06,60,2796730,Season 3 Deleted Scenes Part 4. Deleted scenes included with disk 4. 44:41 Runtime.,0.0,0
2008-09-03,61,2796737,Season 4 Deleted Scenes Part 1. Deleted scenes included with disk 1. 49:43 Runtime.,0.0,0
2008-09-09,62,2796739,Season 4 Deleted Scenes Part 2. Deleted scenes included with disk 2. 32:39 Runtime.,0.0,0
2008-09-11,63,2796742,Season 4 Deleted Scenes Part 3. Deleted scenes included with disk 3. 31:27 Runtime.,0.0,0
2008-09-16,64,2796743,Season 4 Deleted Scenes Part 4. Deleted scenes included with disk 4. 32:59 Runtime.,0.0,0
2009-09-18,65,2796746,Season 5 Deleted Scenes Part 1. Deleted scenes included with disk 1. 55:52 Runtime.,0.0,0
2009-09-24,66,2796749,Season 5 Deleted Scenes Part 2. Deleted scenes included with disk 2. 39:57 Runtime.,0.0,0
2009-09-29,67,2796751,Season 5 Deleted Scenes Part 3. Deleted scenes included with disk 3. 43:23 Runtime.,0.0,0
2009-10-01,68,2796752,Season 5 Deleted Scenes Part 4. Deleted scenes included with disk 4. 33:11 Runtime.,0.0,0
2009-10-06,69,2796753,Season 5 Deleted Scenes Part 5. Deleted scenes included with disk 5. 21:28 Runtime.,0.0,0
2010-09-01,70,2796754,Season 6 Deleted Scenes Part 1. Deleted scenes included with disk 1. 27:11 Runtime.,0.0,0
2010-09-07,71,2796755,Season 6 Deleted Scenes Part 2. Deleted scenes included with disk 2. 28:02 Runtime.,0.0,0
2010-09-09,72,2796756,Season 6 Deleted Scenes Part 3. Deleted scenes included with disk 3. 22:39 Runtime.,0.0,0
2010-09-14,73,2796757,Season 6 Deleted Scenes Part 4. Deleted scenes included with disk 4. 29:17 Runtime.,0.0,0
2010-09-16,74,2796758,Season 6 Deleted Scenes Part 5. Deleted scenes included with disk 5. 11:36 Runtime.,0.0,0
2011-09-07,75,2796763,Season 7 Deleted Scenes Part 1. Deleted scenes included with disk 1. 35:04 Runtime.,0.0,0
2011-09-13,76,2796766,Season 7 Deleted Scenes Part 2. Deleted scenes included with disk 2. 27:52 Runtime.,0.0,0
2011-09-15,77,2796769,Season 7 Deleted Scenes Part 3. Deleted scenes included with disk 3. 17:45 Runtime.,0.0,0
2011-09-20,78,2796771,Season 7 Deleted Scenes Part 4. Deleted scenes included with disk 4. 13:27 Runtime.,0.0,0
2011-09-22,79,2796773,Season 7 Deleted Scenes Part 5. Deleted scenes included with disk 5. 15:46 Runtime.,0.0,0
2012-09-27,80,2796775,Season 8 Deleted Scenes Part 1. Deleted scenes included with disk 1. 30:41 Runtime.,0.0,0
2012-10-02,81,2796779,Season 8 Deleted Scenes Part 2. Deleted scenes included with disk 2. 19:27 Runtime.,0.0,0
2012-10-04,82,2796781,Season 8 Deleted Scenes Part 3. Deleted scenes included with disk 3. 28:51 Runtime.,0.0,0
2012-10-09,83,2796783,Season 8 Deleted Scenes Part 4. Deleted scenes included with disk 4. 12:10 Runtime.,0.0,0
2012-10-11,84,2796785,Season 8 Deleted Scenes Part 5. Deleted scenes included with disk 5. 13:02 Runtime.,0.0,0
2013-09-10,85,2796787,Season 9 Deleted Scenes Part 1. Deleted scenes included with disk 1. 42:11 Runtime.,0.0,0
2013-09-12,86,2796788,Season 9 Deleted Scenes Part 2. Deleted scenes included with disk 2. 29:09 Runtime.,0.0,0
2013-09-17,87,2796792,Season 9 Deleted Scenes Part 3. Deleted scenes included with disk 3. 19:32 Runtime.,0.0,0
2013-09-19,88,2796794,Season 9 Deleted Scenes Part 4. Deleted scenes included with disk 4. 9:33 Runtime.,0.0,0
2013-09-24,89,2796796,Season 9 Deleted Scenes Part 5. Deleted scenes included with disk 5. 20:52 Runtime.,0.0,0
2005-03-24,1,170135,"A documentary crew arrives at the offices of Dunder Mifflin to observe the employees and learn about modern management. Manager Michael Scott tries to paint a happy picture, while sales rep Jim fights with his nemesis Dwight and flirts with receptionist Pam.",6.9,17
2005-03-29,2,170132,"A consultant arrives to teach the staff about tolerance and diversity but Michael insists on imparting his own knowledge. Meanwhile, Jim struggles to keep hold of a lucrative contract extension.",7.2,14
2005-04-05,3,170134,"Michael doesn't want to upset the staff so he gets Dwight to pass on news about the company's reduced health provisions. Fed up with his nosiness, Jim and Pam pretend they are suffering from a variety of conditions including Ebola, Mad Cow Disease, spontaneous dentohydroplosion, hotdog fingers, nano-robot infection, inverted penis and anal fissures.",7.2,13
2005-04-12,4,170133,"Michael arranges a morale-boosting birthday party for Meredith and is determined to come up with the funniest message in her card. Dwight wants a pact with Jim to fight the downsizing, and Michael regrets showing off when Oscar asks for sponsorship for a charity walk being undertaken by his nephew, who has cerebral palsy.",8.1,12
2005-04-19,5,170131,The office staff play a basketball game against the warehouse workers in which Jim shows off to impress Pam and upstage her fiancee who is on the opposing team.,7.8,11
2005-04-26,6,170130,"A woman who comes to the office to sell purses gets the male members of staff excited. She rejects Dwight's advances, but Michael reckons he's still in with a chance.",7.8,11
2005-09-20,1,170148,"It's time for the ""Dundies"", Dunder Mifflin's annual awards banquet (held at the neighborhood Chili's), and the staff must endure the excruciating performance of their inept emcee, boss Michael Scott.",7.8,14
2005-09-27,2,170150,"Just as corporate tells Toby, one of the workers at the Scranton branch, to give a seminar on sexual harassment issues, Michael receives a visit from his obnoxious sales-rep friend Todd Packer.  The two chauvinistic friends try to prove that the office is not in need of harassment counseling, but only wind up making the situation worse, causing yet another zany day at the office.",8.2,11
2005-10-04,3,170142,"While Michael and Dwight are out of the office for the day trying to close a deal on a new condo for Michael, Jim and Pam arrange for the staff to participate in an ""Office Olympics,"" where the workers play strange, invented games (among them, Dunderball, Hate Ball...and Pam Pong) that they usually play while the boss is out.  At the end of the day, the festivities cheer up everyone - even the oblivious Michael.",7.7,14
2005-10-11,4,170137,"The Office is forced into the parking lot for the day when a fire starts in the kitchen. To ease everyone's boredom, Jim suggests a game of ""Desert Island"" and ""Who Would You Do?"", where certain staff members reveal a little too much information about themselves. Throughout the day, Michael talks business with Ryan, leaving Dwight feeling left out.",8.0,11
2005-10-18,5,170155,"While everyone else in the office enjoys the spooky Halloween festivities and talks about the staff's costumes, Michael ponders who he should fire when the threat of downsizing becomes a reality and his boss orders him to fire one of his staff.  Meanwhile, Jim and Pam put Dwight's resume on job-searching websites, which may make Michael's job a little easier, and Pam encourages Jim to set his goals higher by applying for a better job, which makes Jim consider his friendship with Pam.",7.6,11
2005-11-01,6,170143,"When Dwight embarrasses Michael by punching him in the stomach at work, Jim organizes a lunchtime rematch at Dwight's Dojo. Meanwhile, Pam becomes annoyed at Jim when he gets too physical with her, Ryan updates the emergency contact information on a secret mission, and Michael tantalizes Ryan when the boss gets a hold of Ryan's cell phone number.",7.7,11
2005-11-08,7,170138,"When Michael and Jan try to nail down a potential new client, Christian, by taking him out to Chili's, Michael surprises everyone with what - or who - he does.  Meanwhile, back at the office, Jim finds a semi-autobiographical script that Michael has written called Threat Level: Midnight, and he, Pam, Kevin, and the rest of the Dunder-Mifflin workers have a great time acting it out. Later that night, Pam and Jim share their first unofficial date, complete with dinner (a sandwich), candlelight, and Dwight's pathetic fireworks display.",8.3,12
2005-11-15,8,170154,"Michael meets with all of his underlings to discuss their performance in the office so far. However, Michael focuses more on getting feedback about his relationship with Jan than whether or not the workers are doing their job. Later, a nervous Michael plans to shuffle through the employee suggestion box to steal exciting ideas for his imminent discussion with Jan about his own performance, but that falls apart when Jan asks to sit in on the discussion. Meanwhile, Jim and Pam try to keep Dwight under the wrong impression that the day is Friday instead of Thursday.",8.2,10
2005-11-22,9,170141,"Michael starts monitoring the emails sent out in the Dunder-Mifflin workplace, upsetting the employees. Meanwhile, Pam believes that the relationship between Dwight and Angela is more than just worker to worker, Jim throws an office BBQ at his house in order to show his roommate the kinds of people he deals with everyday, and Michael, after annoying everyone at his improv classes, crashes Jim's party with a terrible karaoke number.",8.1,12
2005-12-06,10,170156,"Michael hosts a Christmas party at the office, but somehow manages to decrease the holiday cheer when he changes the arranged secret Santa pairs to a game of ""Yankee Swap"", where everyone gives their pre-bought presents to a different, random worker. To boost morale, Michael introduces vodka shots while the others compete for an iPod, Jim hopes that his sentimental present, meant for Pam, doesn't end up with Dwight, and Angela becomes enraged about Michael's party changes.",8.3,11
2006-01-05,11,170139,"Michael takes the entire Dunder-Mifflin staff on a motivational cruise aboard a party boat on Lake Wallenpaupack, but his planned presentation is bogged down by numerous distractions, including a dance contest, limbo, snorkel shots, and the pushy Captain Jack. Also, Jim and Katy's relationship hits the rocks as Roy and Pam finally set a wedding date, which does more than disappoint Jim, and by the end of the night, Michael's motivational cruise doesn't go completely to waste when he shares a heart-to-heart with one of the workers.",8.2,10
2006-01-12,12,170136,"When Michael burns his foot with his George Foreman mini-grill, he requires the entire office staff to work around his new injury. When the workers aren't so keen on obliging, Michael gets angry and calls in a man in a wheelchair to put out the message that disabled people are people too. Meanwhile, Dwight acts stranger than usual, acting really nice and helpful towards Pam. It isn't until the end of the day when everyone realizes that the car accident Dwight was in earlier that day gave him a concussion (but was overshadowed by Michael's dramatization of his own burn), and Jim and Michael immediately take him to the hospital. Needless to say, Michael doesn't appreciate the extra attention that the doctors and nurses pay Dwight.",8.5,10
2006-01-19,13,170140,"When Michael slips some sly references about Pam in his conversations with Jim, Jim quickly tries to do damage control to make sure that no one else in the office finds about his crush on Pam, all while slamming himself with regret for ever telling Michael in the first place. Jim goes to drastic measures, even bonding with Michael at a Hooters restaurant for lunch. Nonetheless, Jim's efforts do little to keep Michael from revealing the secret, but Jim smooths the situation over with Pam to make it seem like nothing more than a tiny crush in the past. Meanwhile, Dwight conducts an investigation about Oscar's mysterious absence from work, and what Dwight finds, though it goes way over his head, is surprising.",8.2,10
2006-01-26,14,170149,"When someone soils the carpet in Michael's office, Michael sees it as a form of hatred towards him and realizes for the first time that not everyone may like him. Due to the odor of his office, Michael temporarily switches workspaces with Jim, and while there, Michael reminisces of his pre-management days, reliving pranks with Dwight that he and Todd Packer played on the staff. Meanwhile, Jim realizes why Kelly sits alone in the back of the office as he plays messenger for a childish flirtation between Kelly and Ryan, and Pam tries to cope with the day without Jim to make her laugh.",8.0,9
2006-02-02,15,170145,"Jan holds a ""Women in the Workplace"" seminar at Dunder-Mifflin for the paper company's female employees. Michael, feeling more than a bit left out, decides to have his own ""seminar"" when he takes the male workers down to the warehouse.",7.8,10
2006-02-09,16,170146,"The Dunder-Mifflin staffers join in kindergarten-like festivities for Valentine's Day while Michael heads to New York City for a conference with the corporate heads. After showing the documenters a tour of his favorite city, Michael accidentally lets slip to the others at the conference that he and Jan hooked up, and he finds himself in hot water when Jan and the new CFO of Dunder-Mifflin hear the story. Back in Scranton, Pam becomes irked when she discovers that Roy hasn't gotten her anything for Valentine's Day, Dwight struggles to find a gift for Angela, and Kelley talks off Jim's ear about her rather desperate affections for Ryan, who is less than interested.",7.7,10
2006-03-02,17,170151,"Dwight must confront his fear of public speaking when he is named Dunder-Mifflin's Salesman of the Year. To prepare for a big convention where he is set to give a speech, Dwight turns to Michael to guide him in his quest to conquer the fear. Meanwhile, Pam gets wrapped up with wedding plans, but Jim has plans of a different sort: an escape route out of Dunder-Mifflin and Scranton, at least for long enough so that he doesn't have to witness Pam's wedding. While all of this is happening, the staffers battle it out over control of the thermostat.",8.0,10
2006-03-16,18,170152,"A routine office day is changed when children come to Dunder Mifflin for ""Take Your Daughter to Work Day"". Michael is surprised when he strikes up a friendship with the five-year old daughter of his sworn enemy, Toby. Pam is desperate to befriend her colleagues' offspring and a misunderstanding puts Ryan under Stanley's thumb.",8.2,10
2006-03-30,19,170157,"As Kevin and the rest of the crew worry about Kevin's medical test results to see whether or not he has skin cancer, Michael gets angry because no one seems to have fun at the birthday party he threw for himself. Later, Michael takes everyone out to the skating rink to get their minds off of Kevin's possible complications, and Pam and Jim go to the supermarket to pick up some presents for Kevin.",8.0,9
2006-04-27,20,170147,Dwight plays the role of Volunteer Sheriff after finding half a joint in the Dunder Mifflin parking lot leading to an investigation. Pam gives Jim a play challenge where he must be silent until he gives Pam a can of Coke.,8.1,10
2006-05-04,21,170144,"When Michael takes over conflict resolution duties from HR, chaos ensues at Dunder Mifflin.",8.1,9
2006-05-11,22,170153,"In the season finale, Dunder-Mifflin holds a Casino Night in the warehouse to benefit charity. While Michael faces the task of juggling two dates, Jim is forced to ponder the reality of transferring to the Stamford branch and what that means for his relationship with Pam.",8.5,12
2006-09-21,1,170158,"After Michael found out Oscar was gay, he wanted to know who else in the office was homosexual. Michael was concerned about the way he had to behave, especially after Oscar complained to Toby about Michael using the nickname ""Faggy"" for a lot of his co-workers. Michael asked Dwight to help him find out who else was gay at work.",8.3,10
2006-09-28,2,170160,Kelly set Pam up on her first date since breaking up with Roy. She was very nervous. Michael tried giving her dating tips and told her she should freak her date out by wearing her wedding dress.,7.6,11
2006-10-05,3,170159,"Michael had made it a point to have Movie Monday every week. He called the office into the conference room to watch a 30-minute installment of Varsity Blues, but Jan made an unexpected visit and did not like what she saw.",8.1,10
2006-10-12,4,170162,"Jim felt awkward at the morning meeting when his boss put him charge of managing Karen and her responsibilities. The other co-workers looked at Jim as a kiss ass. Later on, he flirted with Karen in the break room and told her she shouldn't work until she found her favorite snack chips.",7.9,9
2006-10-19,5,170161,"Dwight was very excited because he got to take Ryan on his first sales call. He couldn't wait to show Ryan how the sales are really done. Before that, the men took a little side trip to the Schrute family beet farm. Dwight thought it would be funny to leave Ryan on the farm.",7.7,10
2006-11-02,6,170164,"Michael was educating the entire staff about Diwali, the Hindu holiday that Kelly celebrated. Kelly had invited everybody from work to the celebration. Pam was unsure if she was going to make it, she later confided in Angela that she was saddened because she had nobody to attend the celebration with.",7.8,9
2006-11-09,7,170163,Jan told Michael that the board had voted to close the Scranton branch. There would be a select group of employees that would get a severance package; the others would be going to work at the Stamford branch. She informed Michael that he would be one who would get a severance package.,8.0,9
2006-11-16,8,170165,"The Scranton branch was getting ready for their new employees to arrive in from the defunct Stamford branch. Pam was especially excited to be reunited with Jim. While, Michael was most concerned with impressing his new staff.",8.3,9
2006-11-30,9,170166,Angela and Kevin were trying to figure out where extra money in the budget came from. Jan let them know it was money Dunder-Mifflin received for hiring an ex-convict. Michael swore he never hired an ex-convict. Jan informed him that the person must have come from the merger.,7.9,10
2006-12-14,10,170167,"Michael was in the holiday spirit and couldn't wait to share in it with his girlfriend, Carol. He had bought two tickets to paradise, hoping to whisk her away on a romantic vacation to Jamaica. Carol came by the office early to have a talk with Michael and it didn't go well.",8.3,9
2007-01-04,11,170180,"Karen and Jim had their first big fight in the relationship. Karen had been living in a hotel since taking her job in Scranton. When she decided to live next door to Jim, he took it as the next step to living together and that was too fast. She was not pleased with his response.",8.0,11
2007-01-11,12,170168,"Michael decided to send his employees out into the field for sales calls. He paired himself up with Andy. He let the veterans choose who they wanted their partners to be. Phyllis chose Karen, Stanley chose Ryan and that left Jim and Dwight paired together. This wasn't the first time Dwight and Jim had done sales calls together.",7.9,10
2007-01-18,13,170169,"Since Dwight's departure, Andy had been clinging to Michael. Andy's antics had been wearing very thin on his co-workers. In fact, Andy left Jim actually wishing Dwight would come back.",8.0,10
2007-02-01,14,1034981,"Michael celebrates Phyllis' wedding shower by bringing two adult performers into the office, a stripper and Ben Franklin. Meanwhile, Karen confronts Pam about her past history with Jim.",8.0,9
2007-02-08,15,170173,"It was the day of Phyllis and Bob's wedding. Pam was upset because she noticed Phyllis had basically stolen Pam's ideas for her and Roy's would-be wedding. Meanwhile, Michael was very excited to be in charge of pushing Phyllis's father's wheelchair down the aisle.",7.9,9
2007-02-15,16,170174,Roy stopped by Pam's desk to let her know how excited he was to see her art show. She reminded him that it was just a small show being put on by her art class. Pam later admitted she was very happy she was back together with Roy because it showed maturity. Jim feigns indifference to the reconciliation.,8.2,9
2007-02-22,17,1034986,"Michael was excited to be attending a party at his CFO's house. He carpooled with Dwight and was also looking forward to meeting Jan at the party. Jan wanted to spend a night alone with Michael, but he thought it was important to come out as a couple to all of their co-workers.",8.0,9
2007-04-05,18,170172,"Roy paced in the parking lot outside Dunder-Mifflin and then charged the building looking for Jim. When he spots Jim and rushed him, only to get pepper sprayed in the eyes by Dwight, who managed to spray everybody around him, as well.",8.2,10
2007-04-12,19,170175,"Andy was back to work, fresh from anger management training. He insisted on being called Drew, even though Jim continued to call him Andy just to toy with him. Meanwhile, Dwight had decided to shun Andy for the next three years.",8.3,10
2007-04-26,20,170176,"Michael was in crisis mode at Dunder-Mifflin when a disgruntled employee at the paper mill put an obscene watermark on one of their most popular orders of paper. Michael called the staff into a meeting and pointed the blame on Creed, who was responsible for quality assurance at the paper mill and blew it off.",8.2,9
2007-05-03,21,170177,"Phyllis walked into the office looking pale and shocked. A concerned staff surrounded her for comfort. She told them she had been flashed in the parking lot. Jim alerted the police and they already had three other incidents of flashing in the area. Michael didn't think much of it, because it was Phyllis.",8.2,9
2007-05-10,22,170178,"Michael was shocked when he received a call from Corporate wanting him to interview for a position. Michael was happy, but he also had other things on his mind. Beach Day was coming up and he was taking the crew out for some fun in the sun. Not before reminding Toby he couldn't go because somebody had to stay in the office.",8.8,9
2007-05-17,23,170179,"After Pam's outburst at Beach Day, she and Jim had a talk and realized how much they both missed their friendship. Pam never regretted her speech she gave to Jim in front of the rest of the staff; in fact, she was happy that it only took her three years to summon the courage to say what was on her mind.",9.1,9
2007-09-27,1,170244,"Michael comes to believe the office might be cursed in the wake of a freak accident. After scrutinizing each of his staffers' religious beliefs, he organizes a charity 5K ""fun run.""",8.2,11
2007-09-27,2,170245,"Michael organizes a charity 5K ""fun run."" Meanwhile, the status of two office romances comes to light.",8.1,10
2007-10-04,3,170246,"Ryan returns to Scranton with a plan to bring Dunder Mifflin into the digital age by launching a new website - Dunder Mifflin Infinity. Michael is worried about ageism and attempts to win back clients using old fashion business skills. Relationships are on the forefront as Ryan returns to an eager Kelly, Jim and Pam are outed to the office, and Angela is still upset with Dwight about her cat.",7.9,11
2007-10-04,4,170247,Corporate young gun Ryan continues in his efforts to drive Dunder-Mifflin into the digital age.,8.0,10
2007-10-11,5,170248,"Michael gleefully anticipates attending the company's Web-site launch party in New York. Meanwhile, Angela arranges a bash in Scranton, while Dwight gets wrapped up in a real paper chase: He tries to sell more paper than the Web site.",7.8,5
2007-10-11,6,170249,"The company continues efforts to launch its Web site, as Angela throws a bash in Scranton and Michael gleefully anticipates attending a launch party in New York. Meanwhile, tight Dwight continues his paper chase: He tries to sell more paper than the Web site.",9.0,1
2007-10-18,7,170250,"Michael is quickly going into debt with Jan renovating his condo. Meanwhile, it's a barn burner when Jim and Pam check in to the Schrute family farm, which has been converted into a bed-and-breakfast.",7.8,4
2007-10-18,8,170251,Michael continues to face his financial woes.,8.0,1
2007-10-25,9,170237,"Michael was excited to know Dunder Mifflin bought television ad space in local markets, including Scranton. Michael wanted to create the perfect commercial. Only problem was Michael wasn't seeing eye to eye with guys who were going to be producing the commercial.",7.7,9
2007-11-01,10,170238,"Karen was now the regional manager of the Utica branch and used her position of power to woo Stanley to her branch. For the right price, Stanley agreed to make the transfer. In Scranton the news was welcomed with applause, much to Michael's dismay.",7.5,8
2007-11-08,11,170239,"Michael is feeling left out after finding out Ryan took a handful of branch managers and even Toby on a wilderness retreat, but didn't invite him. In order to get back with nature, Michael asks Jim if he would consider a camping trip together. Hypothetically, Jim answered yes.",7.4,9
2007-11-15,12,170240,Michael is driving to New York with Jan where he is going to speak at her deposition. Jan is suing Dunder Mifflin for four million dollars over her wrongful termination. Michael is excited to testify and has memorized every answer Jan told him to.,7.7,10
2008-04-10,13,170241,"Michael stages an elaborate plan to finally get Pam and Jim over to his and Jan's place for a dinner party. Jim gets trapped into it and agrees to go. Dwight overhears and wants his invitation, too. Michael says he only has six wine glasses and with Andy and Angela going too, there's not enough room for Dwight.",8.5,13
2008-04-17,14,170242,"Pam is becoming more and more annoyed with Michael and his indecisiveness about ordering a desk chair. In Michael's defense, he's become distracted by his crush on the woman who is modeling the chair in the catalogue. He reminds Pam that since the infamous dinner party, he is now a single man.",7.6,10
2008-04-24,15,170235,Ryan returns to Scranton but not to a warm welcome. He is making everyone in the branch come in on a Saturday to re-enter data into the new website. Michael makes it clear that Ryan is the reason they have to come in on the weekend. The rest of the staff aren't happy knowing a computer will be getting credit for all of their sales.,7.9,9
2008-05-01,16,170243,"Pam is sporting a new look at work with her glasses. She admits she spent the night at a ""friend's"" house and forgot her contact solution. Michael makes sure to point out that the glasses make her look ugly, and if she wants to be hot, the glasses need to come off.",7.9,9
2008-05-08,17,170236,"Jim is wearing his best golfing uniform because he is hitting the links with a potential client, Phil Maguire. This is a very important account for Jim because he needs to look good to Ryan, who recently put him on probation for his job performance. Andy and Kevin are also joining in the game to show their support.",7.5,10
2008-05-15,18,170233,"Toby leaves Dunder Mifflin, and Michael plans a huge goodbye party... out of joy. Angela refuses to help with it, so Michael turns to Phyllis. Dwight and Meredith harass Holly, their new HR representative.",8.2,4
2008-05-15,19,170234,"Toby leaves Dunder Mifflin, and Michael plans a huge goodbye party... out of joy. Angela refuses to help with it, so Michael turns to Phyllis. Dwight and Meredith harass Holly, their new HR representative.",9.0,1
2008-09-25,1,170232,"Michael tries to motivate the Scranton branch to lose weight as part of an interoffice competition. Jim is lost after Pam leaves for art school in New York, and Angela continues to see Dwight even though she is now engaged to Andy.",8.1,13
2008-10-09,2,170231,"Holly leads a business ethics seminar as a result of Ryan's scandal, and when Michael encourages everyone to share their own unethical work behaviors, things get out of hand. Meanwhile, Jim messes with Dwight by requiring him to follow the Dunder Mifflin ""Time Theft"" policy.",7.9,14
2008-10-16,3,170230,"Michael practices for the birth of Jan's baby by having Dwight go over possible birthing scenarios. Meanwhile, Michael tells Holly that he will pretend to dislike her for Jan's benefit.",7.7,13
2008-10-23,4,170210,"Michael and Holly have sex for the first time, and Michael holds a fund-raiser for the office after it is burglarized. Dwight confides in Phyllis after Andy and Angela set a wedding date, and Jim runs into Pam's ex-fiancé Roy.",7.6,13
2008-10-30,5,170211,"Pam is embarrassed when she is the only person at corporate wearing a costume on Halloween. Holly and Michael take the long trip to Nashua after they get some shocking news from corporate. Meanwhile, Dwight torments Andy and tries to get under his skin.",7.5,13
2008-11-06,6,170212,"Dwight and Jim are shocked when they get the results of the annual customer survey report. Pam and Jim decide they want to spend every minute together using their bluetooth phones. Meanwhile, Angela and Andy pick an unusual location for their wedding.",7.6,13
2008-11-13,7,170213,"Michael is thrilled when he learns that David Wallace is sending him to Canada for a business trip, and wants to bring both Andy and Oscar with him. Jim misses Pam and he can't wait until she returns from art school.",7.4,13
2008-11-20,8,170214,"A mysterious person in the office has made a huge mess in the microwave and will not clean it up. Meanwhile, Michael has to come to terms with the fact that there have been certain personnel changes in his staff without his knowing.",8.2,12
2008-12-04,9,170215,"Michael has to spend the office surplus by they end of the day, but he can't decide between a copier or new chairs. Dwight plays a dirty trick on Angela as they prepare for Andy and Angela's wedding on the beet farm.",8.2,13
2008-12-11,10,170216,"Phyllis' Moroccan-themed holiday party goes up in flames when Meredith's hair catches on fire and Michael is forced to deal with the accident. Meanwhile, Dwight corners the market on the hottest toy of the Christmas season.",7.9,14
2009-01-15,11,170209,"The office is on eggshells because Andy still hasn't found out about fiancee Angela's affair with Dwight. When Michael spills the beans, Dwight and Andy take matters into their own hands. Meanwhile, Michael is nervous about being called down to corporate for a meeting with Wallace.",8.0,14
2009-01-22,12,170217,"Michael and Dwight go undercover to do a bit of industrial espionage on a paper company competitor. Meanwhile, the rest of the office holds a debate to settle the question: is Hilary Swank hot?",7.5,15
2009-02-01,13,170228,Dwight must makes amends with the office after his fire safety seminar goes awry; Michael tries to get his employees to relax; Andy becomes convinced that Pam and Jim are film gurus.,8.7,18
2009-02-05,14,170208,"Michael goes on a speaking tour of the other branches to explain Scranton's relative success, accompanied by his driver, Pam. Back at the office, Dwight and Jim - now heads of the party planning committee - forget a birthday, with severe consequences. Meanwhile, Andy falls for someone he should not.",7.9,12
2009-02-12,15,170207,Michael and Pam continue their tour of the branches with Michael taking a lesson from their visit to Utica. Dwight and Jim struggle to fulfill their new party planning duties with a grumpy staff. Angela's new cat causes a stir.,7.7,12
2009-03-05,16,170229,"A mystery woman at the office blood drive catches Michael's eye. Dwight and Kevin both find women at the ""Lonely Hearts Party,"" while Jim and Pam are forced to leave because of PDAs—so they have lunch with Phyllis and Bob.",7.8,12
2009-03-12,17,170218,"Michael's idea to use ""Golden Tickets"" for prizes for clients causes a problem in the office. Kevin seeks advice from Andy, Jim, and Pam about dating.",7.9,12
2009-03-19,18,170219,"Michael has big plans for his 15th anniversary party at Dunder Mifflin, but is in for a shock when the new, no-nonsense Vice President has some ideas of his own. Meanwhile, Jim's prank on Dwight has some unexpected results.",8.1,12
2009-03-26,19,170220,"Michael's relationship with the new vice president becomes increasingly tense, as Michael finds an excuse to goof off even more than usual. Meanwhile, Pam faces the challenge of a new copier and Kelly develops a crush.",8.2,12
2009-04-09,20,170222,"The situation between Jim and his new boss Charles gets worse when they are competing in a parking lot soccer game. Michael tries to start his new business, but has trouble leaving his house.",8.0,12
2009-04-09,21,170226,"Tension and disillusionment begin to emerge as Michael, Pam, and Ryan move the Michael Scott Paper Company into a cramped ""workspace"" at the business park.",8.2,13
2009-04-16,22,170223,"Dwight's loyalty to Michael is tested when he finds a new hero in Charles. Meanwhile, Andy tries to provide for all of Jim's emotional needs.",7.9,13
2009-04-23,23,170224,Michael's new company struggles to make early morning deliveries while the office tries to get their expense reports in on time after Angela enforces Dunder Mifflin's policy.,8.4,13
2009-04-30,24,170221,"Michael has to mediate a dispute within his new sales team. Meanwhile, trouble brews in the office when several employees take the term ""casual"" Fridays too loosely.",7.8,13
2009-05-07,25,170225,Michael decides to open a cafe-disco in his old office. Pam and Jim are planning a secret trip.,8.1,13
2009-05-14,26,170227,"At the company picnic, Michael and Holly are reunited for the first time since their split. The rest of the staff competes in games, such as the volleyball tournament.",8.1,13
2009-09-17,1,170181,"A few interns who stayed at Dunder-Mifflin over the summer end their internship. Michael announces some potentially damaging gossip about an employee to the rest of the office, then starts to spread false rumours about others to cover up what he has unwittingly revealed.",8.1,8
2009-09-24,2,170190,"Michael gets worried after a request from Jim, and Pam's busy with wedding planning. Darryl's worker's compensation claim makes Dwight suspicious.",7.8,8
2009-10-01,3,170189,David Wallace comes bearing the news that not all the staffers will receive a raise this year. Jim pushes Dwight to the limit and causes him to form office alliances. And Pam decides she wants only cash as a wedding gift.,7.4,7
2009-10-08,4,170182,"The Dunder Mifflin staff head to Niagara Falls for Jim and Pam's wedding, with the understanding that her pregnancy is a forbidden discussion topic, but Jim's slip of the tongue prods Michael to attempt damage control.",8.4,10
2009-10-08,5,170183,"The Dunder Mifflin staff head to Niagara Falls for Jim and Pam's wedding, with the understanding that her pregnancy is a forbidden discussion topic, but Jim's slip of the tongue prods Michael to attempt damage control.",9.0,4
2009-10-15,6,170201,"Michael becomes convinced that an insurance salesman visiting the office is a part of the mafia, and Dwight and Andy accompany Michael to a meeting with him. Meanwhile, Kevin accidentally cancels Jim's credit card, while Jim and Pam are on their honeymoon in Puerto Rico.",7.3,9
2009-10-22,7,170202,"Jim and Pam return from their honeymoon and discover that Michael is dating Pam's mother, which infuriates her. Meanwhile, Dwight tries to install a recording device in Jim's office, by giving him a wooden mallard as an apology for their long rivalry.",6.4,9
2009-10-29,8,170203,"Michael and Jim head off to a meeting and Michael comes back soaked after having fallen in a koi pond. Meanwhile, Pam and Andy, as the two worst salesmen in the branch, have to go cold calling for sales.",7.2,8
2009-11-05,9,170200,"Jim and Pam finally go on a double date with Michael and Pam's mother Helene on Helene's birthday, which takes a dark turn when Michael discovers just how old Helene is turning, and breaks up with her. Meanwhile, Dwight offers to do nice things for all the members of the office so that they will owe him a specific favor, but Andy ruins his plans.",7.0,9
2009-11-12,10,170185,"Rumors spread that Dunder Mifflin is in financial trouble, so Michael tries to distract the office by having everyone play a murder mystery game called Belles, Bourbon, and Bullets. Meanwhile, Andy uses the game as a way to ask out Erin, but fears he may have asked out Erin's character, instead of Erin herself.",7.9,9
2009-11-19,11,170184,"Michael speaks out of line at the Dunder Mifflin shareholders meeting and creates a big problem for management, while Jim discovers that nobody in the office thinks he's the ""real"" boss.",7.2,8
2009-12-03,12,170186,"Michael and Erin meet ""Scott's Tots"", a group of local teenagers whose college tuition was promised in one of Michael's grand delusions ten years prior. Meanwhile, in Michael's absence, Dwight convinces Jim to start an employee-of-the-month program with the intention of sabotaging Jim.",7.3,9
2009-12-10,13,170188,"Michael gets upset when Jim promises Phyllis that she can be the office Santa, but the office Christmas party may be overshadowed by some bad news from David Wallace.",7.1,7
2010-01-21,14,170187,A banker representing a potential buyer comes to the Scranton branch to interview the H.R. department before the sale goes through.,6.5,8
2010-02-04,15,170191,"Michael hates the changes that Dunder Mifflin's new owner is implementing, so he turns to David Wallace for advice. Jim and Pam find the perfect day care center, but Jim's mistake threatens to ruin the interview.",7.1,8
2010-02-11,16,170204,"Sabre's CEO wants the Scranton branch to have one manager, and Michael voluntarily steps down and lets Jim become the boss when he finds out that salespeople make more money. However, he soon comes to regret the decision.",7.6,8
2010-03-04,17,170205,Pam’s contractions begin but she and Jim are determined to wait it out as long as possible so they can have more time at the hospital. Meanwhile the rest of the office tries to distract Pam from the pain with food and entertainment.,7.4,8
2010-03-04,18,170206,"Pam's contractions begin but she and Jim are determined to wait it out as long as possible so they can have more time at the hospital. The rest of the office crew tries to distract Pam from the pain with food and entertainment. Back at the office, Erin makes Andy jealous when she has lunch with Kevin.",7.4,7
2010-03-11,19,170195,"Michael thinks he impressed Jo only to discover someone else in the office caught her eye. Meanwhile, Dwight makes trouble on Jim's first day back from paternity leave. Andy and Erin have an interesting first date.",7.4,8
2010-03-18,20,170199,"When the sales staff lets Sabre's new ""sales is king"" policy get to their heads, Michael hides their new, prized leads.",7.5,8
2010-03-25,21,170192,"Michael gets kicked out of the bar when he pulls out all the stops to impress a friend of Jim and Pam's. Meanwhile, Andy and Erin do their best to keep their relationship under wraps. Dwight rethinks his pre-natal contract with Angela.",7.1,8
2010-04-22,22,170194,"Andy pulls out all the stops to give Erin a memorable Secretary's Day. Michael reluctantly takes Erin out to lunch and lets slip about Andy's relationship with Angela. Meanwhile, Oscar circulates a video he created that compares Kevin's voice to Sesame Street's Cookie Monster.",7.1,8
2010-04-29,23,170197,"Pam and Jim work on their first sales pitch together to Donna, the manager of a local restaurant. But Michael keeps misreading the signals she's putting out. Meanwhile, Dwight encourages Kelly to try out for the minority training program.",7.6,8
2010-05-06,24,170198,"Michael suspects Donna is cheating on him and puts P.I. Dwight Schrute on the case. Meanwhile, Andy is frustrated when no one takes his customer's complaint seriously.",7.4,8
2010-05-13,25,170193,"Michael is surprisingly cheerful after learning some bad news about Donna. The new parents, Pam and Jim, have trouble staying awake in the office. Meanwhile, Angela takes matters into her own hands when Dwight refuses to honor their contract.",7.1,8
2010-05-20,26,170196,"The press finds out that Sabre’s printers catch on fire. Jo shows up to the office in hopes of finding out who the whistleblower is. Everyone suspects Andy, who adamantly denies he leaked the information.",7.1,8
2010-09-23,1,170266,"Michael refuses to fire the new office assistant after everyone complains about his bad attitude. Andy plays it cool after Erin shows interest in another man. Meanwhile, Pam tries to impress Jim by pulling an office prank of her own.",7.6,8
2010-09-30,2,170268,"Corporate assigns Michael to counseling with Toby. Dwight vows revenge on the Steamtown Mall after a shop owner snubs him. Meanwhile, Pam conspires to change her job title.",7.1,8
2010-10-07,3,170267,Andy invites the entire office to his community theater production of Sweeney Todd in hopes that Erin will attend. Michael tries to put his jealousy aside and enjoy the performance while Jim and Pam struggle with their incompetent babysitter.,7.0,8
2010-10-14,4,170269,"Michael, believing he has herpes, contacts all his ex-girlfriends, including Jan and Holly. Andy tries to play on Erin’s compassionate side by holding a sex education meeting for the office.",7.1,8
2010-10-21,5,170270,"When a competing sales associate steals a Dunder Mifflin client, Michael, Jim and Dwight decide to set up a sting to find out his sales secrets. Andy decides to start a band after finding out a friend from college has a successful music career.",6.6,8
2010-10-28,6,170271,"When Darryl takes an idea to corporate over his head, Michael freaks out. Everyone in the office is in a competitive mood as the Halloween costume contest gets underway. Meanwhile, Pam tries to get the truth out of Danny about their dating history.",7.1,8
2010-11-04,7,170272,"Pam and Jim prepare for Cece's baptism. When Cece goes missing, Jim fears Angela has taken her.",6.9,8
2010-11-11,8,170273,An ostracized Michael does all he can to sabotage Gabe's party while Angela requests sex from Dwight.,6.8,8
2010-11-18,9,170275,"Michael tries to save Ryan's company by encouraging co-workers to invest. Meanwhile, Dwight has big plans for the office at Thanksgiving.",7.2,8
2010-12-02,10,170274,"After reading an article about China growing as a global power, Michael decides China must be stopped before they take over the US. Everyone in the office complains about Dwight's building standards and Pam threatens to move Dunder Mifflin to a new building.",7.5,8
2010-12-09,11,170285,"Michael could not be happier when Toby has to take a leave of absence and corporate sends Holly Flax to cover for him. Pam is forced to do a second Christmas party after Michael wants the party to be on the day Holly returns to Scranton. Meanwhile, Jim regrets agreeing to a snowball fight with Dwight.",7.7,10
2010-12-09,12,170284,"Michael could not be happier when Toby has to take a leave of absence and corporate sends Holly Flax to cover for him. Pam is forced to do a second Christmas party after Michael wants the party to be on the day Holly returns to Scranton. Meanwhile, Jim regrets agreeing to a snowball fight with Dwight.",1.0,1
2011-01-20,13,170277,"Michael prepares himself for the good or bad news about Holly and her boyfriend. In an effort to be an ""awesome"" office manager, Pam decides to put up a resolution board for everyone to post their New Year's resolutions.",7.5,8
2011-01-27,14,170276,Holly and Michael turn Andy's business seminar into an improv challenge. Erin and Gabe compete in a board game battle.,6.8,8
2011-02-03,15,170278,"An emergency call from Helene forces Jim to abandon Michael at a gas station restroom, and Holly, Erin, and Dwight set out to rescue him. Gabe becomes offended at submissions to caption Pam's latest work of art.",7.5,8
2011-02-10,16,170279,The staff grows increasingly uncomfortable with Michael and Holly's PDAs. Jim and Pam regret a champagne luncheon. Andy horns in on a romantic treasure hunt Gabe arranged for Erin.,7.8,9
2011-02-17,17,170265,"Michael screens his action film Threat Level Midnight to the office after eleven years of writing, shooting, re-shooting, and editing. The film features Michael as Agent Michael Scarn, Dwight as Scarn's sidekick, and Jim as archnemesis ""Goldenface,"" as well as several people from Michael's past.",8.2,10
2011-02-24,18,170282,"Traveling salesman Todd Packer comes to Dunder Mifflin looking for a desk job in the office. However, the office is unsure if they want him to work there due to his previous behavior. After dealing with computer problems, Andy confronts office administrator Pam to get a new computer.",7.2,8
2011-03-24,19,170280,"The office holds a garage sale in the warehouse. Michael decides to propose to Holly, and runs into trouble thinking of how to do it well.",8.3,9
2011-04-14,20,170283,"The new manager, Deangelo Vickers, has everyone hoping to make good first impressions: Andy finds himself awkwardly typecast while Jim and Pam worry that they've come on too strong. Only Dwight is apathetic about the new leader.",7.2,8
2011-04-21,21,170289,"Michael trains Deangelo to take over his job of hosting the Dundie Awards, while Erin struggles with her dislike for her boyfriend, Gabe.",7.9,8
2011-04-28,22,170281,"Michael wants to have a drama-free day at work on his last day before moving to Colorado. Meanwhile, Deangelo Vickers and Andy Bernard scramble to retain Michael's biggest clients.",8.9,14
2011-05-05,23,170286,"When Deangelo plays favorites, his management style is exposed.",7.2,8
2011-05-12,24,170290,Dwight takes charge of the office and immediately imposes his will on the staff. Gabe hopes to get back together with Erin.,7.6,8
2011-05-19,25,170287,Deangelo's new replacement is sought out through a search committee process led by Jim.,0.0,0
2011-05-19,26,170288,Deangelo's new replacement is sought out through a search committee process led by Jim.,0.0,0
2011-09-22,1,170291,"Robert California stops by for the first time as CEO and leaves behind a mysterious list that has a line down the middle and every member of the office on either one side or the other. The office members frantically try to figure out what it means. Meanwhile, the new manager Andy faces a crisis.",7.7,7
2011-09-29,2,170311,"After Robert California challenges the Dunder Mifflin staffers to double their sales, Andy, taking matters into his own hands, creates an incentive program. Eventually, he promises to tattoo himself if the staff doubles their sales. Meanwhile, Pam strikes up an unlikely friendship with Angela, both of whom are pregnant.",7.3,7
2011-10-06,3,170292,"The entire warehouse staff quits after winning the lotto, leaving Andy and Darryl to scramble for replacements while several of the office workers get a taste of the warehouse life.",6.9,7
2011-10-13,4,170293,"Andy plants the seeds of trying to impress Robert California by throwing a garden party at Schrute Farms. Andy's parents and brother also attend the event, only to make him feel awkward.",7.1,7
2011-10-27,5,170294,"Erin works to make a spooky, non-childish Halloween party with help from Gabe. Dwight becomes friends with Robert's son, and Pam and Jim debate the existence of ghosts. Meanwhile, Robert tries to figure out everyone's deepest fears.",6.9,7
2011-11-03,6,170295,"Dwight installs a Doomsday device that will fire all of the employees and effectively close down the branch if they make too many mistakes. Meanwhile, Gabe attempts to court the new warehouse worker, Val.",6.9,7
2011-11-10,7,170313,"Pam trains an attractive temporary worker to take her place while she is on maternity leave, and enlists Dwight's support when she tries to show that Jim finds her replacement attractive. Meanwhile, Robert California surprises Andy, Kevin, and Darryl when he requests to join their band.",7.1,7
2011-11-17,8,170314,"Andy takes some of the office staff on a field trip to Gettysburg for inspiration. Meanwhile, the rest of the office, under orders from Robert California, are tasked with coming up with a new business idea for Dunder Mifflin. Kevin proposes several ideas that catch California's attention, although they are rather idiotic.",6.7,7
2011-12-01,9,170312,"Robert California brings his wife into the office for a job, and tells Andy behind her back not to give her one which turns disastrous. Meanwhile, Dwight opens a gym in the building and tries to get Darryl to join it.",6.9,7
2011-12-08,10,170296,"Andy attempts to make everyone's Christmas wishes come true, including those of a drunken Erin. Meanwhile, Dwight and Jim are entangled in an escalating prank war wherein one attempts to frame the other.",7.6,7
2012-01-12,11,170297,"Pressed to boost the bottom line, Andy finds a novel way to improve sales, while Dwight explores corporate opportunities outside Scranton.",7.3,7
2012-01-19,12,170298,"After Robert decides to sell his mansion following his divorce, Kevin suggests that he have an office pool party. Erin tries to make Andy jealous by flirting with Dwight. Meanwhile, Robert gives everyone a tour of his massive home.",6.4,7
2012-02-02,13,170299,"Jim returns from jury duty, only to have to deal with Dwight's pesky questions about the details of the case. Elsewhere, Angela and her senator beau welcome their baby.",6.7,7
2012-02-09,14,170300,"Dwight scores a special assignment at Sabre's Florida headquarters. As a result, he and Andy must decide which Scranton staffers will join him. Elsewhere, Pam returns from maternity leave.",7.0,7
2012-02-16,15,170301,"Dwight arrives in Tallahassee with his team and sets out to win over the president of Sabre's special projects. Back in Scranton, Andy fills in for reception and enjoys himself.",7.2,8
2012-02-23,16,170302,"A power play unfolds in Tallahassee when Dwight and Todd Packer compete to become Nellie's vice president. Meanwhile, Jim receives an unwelcome visitor, and Andy forces the Scranton staffers to work late.",7.3,7
2012-03-01,17,170304,"The Florida contingent puts the final touches on the new Sabre store, with Dwight preparing a theatrical presentation in his continuing bid to impress Nellie. Back in Scranton, a red-faced Andy arrives at work with a humiliating injury.",7.0,6
2012-03-08,18,170303,Jim comes to Dwight's rescue when Robert slams the plan for the Sabre Store concept. Andy discovers Erin doesn't plan to return to Scranton.,7.2,6
2012-03-15,19,170306,"Andy makes a game-changing decision and takes a road-trip odyssey in the name of romance. Elsewhere, Nellie arrives at the Scranton branch and sets out to seize the manager position.",7.3,6
2012-04-12,20,170305,"Robert California forces the office to throw a welcome party for Nellie, but the Party Planning Committee works on ways to sabotage it. Meanwhile, Erin tries to help Andy figure out a way to break up with Jessica.",6.5,6
2012-04-19,21,170308,"Andy returns to the office to find Nellie in the manager's chair. Meanwhile, Kelly struggles to choose between Ryan and a new man.",6.8,6
2012-04-26,22,170307,"Unemployed Andy crashes a fundraiser for the Senator and winds up adopting twelve disabled dogs. Dwight discovers that winning an auction means losing money, and Darryl teaches Nellie how to eat a taco.",6.3,6
2012-05-03,23,170309,"Andy takes a break from flambéing cherries and composing rock operas to jumpstart his Dunder Mifflin comeback. When Robert drunkenly shuts down a nearby branch, Jim and Dwight join forces to outsmart a salesman from Scranton’s uglier sister city.",6.7,6
2012-05-10,24,170310,"Dwight offers free family portraits, and a stolen diaper leads to a high-speed car chase. With help from David Wallace, Andy goes undercover to try to get his job back. A new business opportunity arises for Robert California.",6.8,6
2012-09-20,1,170315,"Two new, young employees throw Dwight and Jim off balance; Andy returns from leadership training with a desire for revenge.",7.7,7
2012-09-27,2,170316,A toast at Roy's wedding leads to Pam and Jim searching their relationships for buried secrets; Dwight reacts to Nellie's mandatory charity initiative.,7.0,7
2012-10-04,3,170317,"Andy flaunts his genealogy when he discovers he's related to Michelle Obama. Meanwhile, Darryl struggles in his new post, Dwight teaches Erin a new language to wow her boyfriend's family, and Nellie tries to persuade Pam that Jim's having an affair.",7.1,7
2012-10-18,4,170318,"The staffers hit the road in a rented bus when the building is deemed unsafe. Meanwhile, Nellie reaches out to Andy for help in adopting a baby, and Jim uses pie to spread cheer to Pam.",7.4,7
2012-10-25,5,170336,"It's Halloween in the office and Andy invites his college a cappella group to perform, which leads to a confrontation with his frenemy Broccoli Rob. Meanwhile, Dwight finds evidence that a madman is loose in the office and tries to track him down, and the first meeting of Jim's new job causes a fight with Pam.",6.8,6
2012-11-08,6,170319,"Money problems plague Andy's family. Meanwhile, Dwight guests on a local radio show, so the staffers harass him with outrageous phone calls, and Kevin unearths a big secret about Oscar.",6.6,7
2012-11-15,7,170320,The women of the office try to teach Dwight how to interact with female clients; Angela suspects the senator of cheating; Toby convinces some of the guys to grow mustaches.,6.7,6
2012-11-29,8,170321,"Angela goes to Dwight for help when she learns that her husband is having an affair. Stanley and Phyllis take advantage of Jim when he needs a favor, and Pete distracts Pam as she begins painting her mural.",6.8,6
2012-12-06,9,170322,"When the party planning committee drops the ball on the annual Christmas party, Dwight gets everyone to celebrate with a traditional Schrute German Christmas. Darryl fears that Jim has forgotten to include him in the new job in Philadelphia. Pete teaches Erin about his favorite movie, Die Hard.",6.3,6
2013-01-10,10,170323,"Pam accidentally brings lice into the office and lets Meredith take the fall, while Dwight vows to destroy the parasites. Meanwhile, Jim has a fantastic day in Philly wooing a potential business associate. Meanwhile, Phyllis, Nellie and Kevin meddle in Darryl's love life.",7.3,6
2013-01-17,11,170325,"Clark brings an espresso maker to the office. Dwight and Clark pretend to be a father-and-son to land a sale. Darryl goes on an interview at Jim's company, where Pam drops by unexpectedly.",7.6,5
2013-01-24,12,170324,"Dwight tries to stop Darryl from moving to Jim's start-up company. Jim misses his daughter's first recital, to Pam's dismay. Nellie spills the beans about Pete and Erin.",7.2,5
2013-01-31,13,170337,"Dwight is tasked with hiring a part-time salesman to be Jim's substitute, so he rounds up a supergroup of his cronies, including his oddball beet-farmer cousin, Mose. Pam is left wondering who her new deskmate will be. Erin seeks her birth parents with help from Pete.",7.6,5
2013-01-31,14,170326,Pam’s warehouse mural is defaced. Darryl has difficulty dealing with the Jim's cleanliness habits in their apartment. Angela grudgingly allows Oscar and Kevin to attend her son’s first birthday party.,7.4,5
2013-02-07,15,170327,"The staffers pair up as faux couples to score a Valentine's Day discount at a mall. Erin tells Pete that she'll break up with Andy when he returns, but Pete has his doubts. Jim and Pam socialize with the documentary's soundman.",7.0,5
2013-02-14,16,170329,"Pam interviews for a job in Philadelphia, but her potential manager reminds her of her former boss, Michael Scott. Dwight acquires the help of Angela in order to give his elderly Aunt Shirley a bath. Meanwhile, Andy attempts to make Pete and Erin feel uncomfortable.",7.8,5
2013-03-14,17,170328,"The adventures of Dwight at his family beet farm and bed-and-breakfast come to light. Here, he and his siblings receive a surprise inheritance. Back at the office, Todd Packer tries to atone for a lifetime of boorish behavior.",7.3,3
2013-04-04,18,170333,"Everyone in the office is excited when promos start running on TV for the documentary. Dwight makes Angela jealous when he starts dating a brussel sprout farmer. Meanwhile Jim has a big meeting with Major League baseball player, Ryan Howard.",7.6,5
2013-04-11,19,170332,"The elevator goes out at the office, forcing everyone to use the stairs. Dwight forces Stanley to make a sales call. Pam and Jim talk to Nellie and Toby about relationship problems. Angela supports her man.",7.7,6
2013-04-25,20,170331,"Dwight and Angela participate in a paper airplane contest and compete against each other. Meanwhile, Andy prepares for a potential acting job, and Jim and Pam utilize new skills.",7.2,6
2013-05-02,21,2066426,"Dwight becomes regional manager after Andy quits his job, Jim dedicates more time to his Dunder Mifflin job to save his marriage, and Angela has problems with her new living arrangements after her breakup with The Senator.",7.5,2
2013-05-09,22,170334,"Jim convinces Dwight that he needs to choose someone to act as an Assistant to the Assistant Regional Manager; the two subsequently hold tryouts for the position. After her daycare turns away her child, Angela is forced to bring her kid to work. Andy auditions for ""The Next Great A Cappella Sensation"".",8.6,7
2013-05-16,23,170335,"One year later, Dunder Mifflin employees past and present reunite for a panel discussion about the documentary and to attend Dwight and Angela's wedding.",8.6,14
