department,job,credit_id,adult,gender,id,known_for_department,name,original_name,popularity,profile_path,episodeId,seasonNumber,episodeNumber
Writing,Writer,52573080760ee3776a340878,False,2,1213125,Writing,Paul Lieberstein,Paul Lieberstein,2.841,/oLCaNVAw5cfE5q4e0PRsmHTuHfd.jpg,170252,0,1
Directing,Director,5257308a760ee3776a3417cf,False,2,1215572,Directing,Randall Einhorn,Randall Einhorn,1.189,,170252,0,1
Writing,Writer,5257307f760ee3776a3407a3,False,2,1226308,Creator,Michael Schur,Michael Schur,2.206,/uFqjvTHNCfThf9ahEIYWFkszm9c.jpg,170252,0,1
Writing,Writer,52573091760ee3776a342426,False,0,1225966,Writing,Jonathan Hughes,Jonathan Hughes,0.6,,170256,0,27
Writing,Writer,525730a1760ee3776a343728,False,0,1230853,Writing,Nate Federman,Nate Federman,0.6,,170256,0,27
Directing,Director,52573093760ee3776a342542,False,1,125167,Acting,Mindy Kaling,Mindy Kaling,3.597,/xa8dwrTPaGc3PJ9GmT02ymJEX7l.jpg,170256,0,27
Directing,Director,5e570eeaa6d93100185c2c77,False,2,1226276,Writing,Charlie Grandy,Charlie Grandy,1.96,,170262,0,39
Writing,Writer,5e570efef48b340013784259,False,0,2551070,Writing,Kelly Hannon,Kelly Hannon,0.6,,170262,0,39
Writing,Writer,52573080760ee3776a34097d,False,2,39189,Acting,Stephen Merchant,Stephen Merchant,3.186,/6WM2rK6390Nwk398syJbGcPvRct.jpg,170135,1,1
Directing,Director,5257307f760ee3776a340736,False,2,29009,Directing,Ken Kwapis,Ken Kwapis,1.305,,170135,1,1
Writing,Writer,5257307d760ee3776a340339,False,2,1216630,Writing,Greg Daniels,Greg Daniels,1.4,/2Hi7Tw0fyYFOZex8BuGsHS8Q4KD.jpg,170135,1,1
Writing,Writer,52573080760ee3776a340945,False,2,17835,Acting,Ricky Gervais,Ricky Gervais,3.446,/2mAjcq9AQA9peQxNoeEW76DPIju.jpg,170135,1,1
Production,Unit Production Manager,5bdaa302c3a368078500877c,False,0,1230858,Production,Kent Zbornak,Kent Zbornak,0.98,,170135,1,1
Art,Set Decoration,5bdaa3990e0a2603b40089a6,False,0,2166017,Art,Steve Rostine,Steve Rostine,0.6,,170135,1,1
Sound,Production Sound Mixer,5bdaa3bc925141540b00842c,False,0,1818861,Production,Brian Patrick,Brian Patrick,0.6,,170135,1,1
Production,Production Designer,5bdaa2dec3a368077c008a4b,False,0,33562,Art,Donald Lee Harris,Donald Lee Harris,0.6,,170135,1,1
Costume & Make-Up,Costume Designer,5bdaa3650e0a2603bf008174,False,0,2166015,Costume & Make-Up,Carey Bennett,Carey Bennett,0.6,,170135,1,1
Production,Associate Producer,5bdaa1f09251415402008089,False,0,2166012,Production,Angie Hamilton,Angie Hamilton,0.6,,170135,1,1
Lighting,Gaffer,5bdaa3dcc3a3680765008eea,False,0,2166019,Lighting,Jon Guerra,Jon Guerra,0.6,,170135,1,1
Editing,Editor,5bdaa2e60e0a2603bb0087d9,False,1,7035,Editing,Kathryn Himoff,Kathryn Himoff,0.6,,170135,1,1
Directing,First Assistant Director,5bdaa31d0e0a2603b6008fee,False,1,1665868,Production,Liz Ryan,Liz Ryan,0.98,,170135,1,1
Costume & Make-Up,Costume Supervisor,5bdaa36e92514153fb008795,False,0,1325655,Costume & Make-Up,Elinor Bardach,Elinor Bardach,0.728,,170135,1,1
Costume & Make-Up,Key Hair Stylist,5bdaa38cc3a3680772009017,False,0,1543004,Costume & Make-Up,Maria Valdivia,Maria Valdivia,0.6,,170135,1,1
Camera,Director of Photography,5bdaa2d4c3a368078f007f5c,False,2,67864,Camera,Peter Smokler,Peter Smokler,0.6,,170135,1,1
Editing,Assistant Editor,5bdaa3f9925141540200824a,False,0,1471442,Editing,Justin Krohn,Justin Krohn,0.6,,170135,1,1
Art,Property Master,5bdaa3a29251415407007e49,False,0,2166018,Art,Melody Melton,Melody Melton,0.6,,170135,1,1
Camera,Key Grip,5bdaa3e40e0a2603b1008d3f,False,0,2166021,Camera,Ron Nichols,Ron Nichols,0.6,,170135,1,1
Directing,Director,5257307f760ee3776a340736,False,2,29009,Directing,Ken Kwapis,Ken Kwapis,1.305,,170132,1,2
Directing,Script Supervisor,5bdaa77ac3a368076500922c,False,1,1551338,Directing,Veda Semarne,Veda Semarne,0.6,,170132,1,2
Production,Unit Production Manager,5bdaa302c3a368078500877c,False,0,1230858,Production,Kent Zbornak,Kent Zbornak,0.98,,170132,1,2
Art,Set Decoration,5bdaa3990e0a2603b40089a6,False,0,2166017,Art,Steve Rostine,Steve Rostine,0.6,,170132,1,2
Writing,Staff Writer,5bdaa5f092514153fb008abb,False,1,125167,Acting,Mindy Kaling,Mindy Kaling,3.597,/xa8dwrTPaGc3PJ9GmT02ymJEX7l.jpg,170132,1,2
Camera,Key Grip,5bdaa7d90e0a2603c60086d9,False,0,1879373,Camera,Dale Alexander,Dale Alexander,0.6,,170132,1,2
Production,Production Designer,5bdaa2dec3a368077c008a4b,False,0,33562,Art,Donald Lee Harris,Donald Lee Harris,0.6,,170132,1,2
Costume & Make-Up,Costume Designer,5bdaa3650e0a2603bf008174,False,0,2166015,Costume & Make-Up,Carey Bennett,Carey Bennett,0.6,,170132,1,2
Camera,Director of Photography,5bdaa68f92514153f500859f,False,2,1215572,Directing,Randall Einhorn,Randall Einhorn,1.189,,170132,1,2
Costume & Make-Up,Key Hair Stylist,5bdaa74d0e0a2603b4008cbf,False,0,1664353,Costume & Make-Up,Cyndra Dunn,Cyndra Dunn,0.6,,170132,1,2
Production,Associate Producer,5bdaa1f09251415402008089,False,0,2166012,Production,Angie Hamilton,Angie Hamilton,0.6,,170132,1,2
Production,Co-Producer,5bdaa5d392514153f80081d5,False,2,1226308,Creator,Michael Schur,Michael Schur,2.206,/uFqjvTHNCfThf9ahEIYWFkszm9c.jpg,170132,1,2
Production,Casting,5bdaa67a0e0a2603b1008f64,False,0,1621286,Production,Marla Garlin,Marla Garlin,1.38,/wpoJHUVHRR3ISNDrXw7MnMZqSAS.jpg,170132,1,2
Art,Property Master,5bdaa766c3a36807820082a8,False,2,1844757,Art,Philip D. Shea,Philip D. Shea,0.6,,170132,1,2
Editing,Editor,5bdaa6c6925141540b0086e1,False,2,1532800,Production,David Rogers,David Rogers,0.6,/3WlHnqsP4S5NN95JB77U7JMNqCk.jpg,170132,1,2
Directing,First Assistant Director,5bdaa31d0e0a2603b6008fee,False,1,1665868,Production,Liz Ryan,Liz Ryan,0.98,,170132,1,2
Costume & Make-Up,Costume Supervisor,5bdaa36e92514153fb008795,False,0,1325655,Costume & Make-Up,Elinor Bardach,Elinor Bardach,0.728,,170132,1,2
Writing,Executive Story Editor,5bdaa5e292514153fd00872e,False,2,107770,Acting,B.J. Novak,B.J. Novak,1.706,/qsngFvN1tMvyu84atOPPsbLJc5M.jpg,170132,1,2
Editing,Assistant Editor,5bdaa3f9925141540200824a,False,0,1471442,Editing,Justin Krohn,Justin Krohn,0.6,,170132,1,2
Lighting,Gaffer,5bdaa7d192514153fd0089da,False,0,87618,Camera,Brian Crane,Brian Crane,0.6,,170132,1,2
Directing,Director,52573080760ee3776a3408ac,False,2,1212689,Directing,Ken Whittingham,Ken Whittingham,2.628,/tu5mskTc5wEvCzSyQJHPKKTcETI.jpg,170134,1,3
Writing,Writer,52573080760ee3776a340878,False,2,1213125,Writing,Paul Lieberstein,Paul Lieberstein,2.841,/oLCaNVAw5cfE5q4e0PRsmHTuHfd.jpg,170134,1,3
Directing,Script Supervisor,5bdaa77ac3a368076500922c,False,1,1551338,Directing,Veda Semarne,Veda Semarne,0.6,,170134,1,3
Production,Unit Production Manager,5bdaa302c3a368078500877c,False,0,1230858,Production,Kent Zbornak,Kent Zbornak,0.98,,170134,1,3
Art,Set Decoration,5bdaa3990e0a2603b40089a6,False,0,2166017,Art,Steve Rostine,Steve Rostine,0.6,,170134,1,3
Writing,Staff Writer,5bdaa5f092514153fb008abb,False,1,125167,Acting,Mindy Kaling,Mindy Kaling,3.597,/xa8dwrTPaGc3PJ9GmT02ymJEX7l.jpg,170134,1,3
Camera,Key Grip,5bdaa7d90e0a2603c60086d9,False,0,1879373,Camera,Dale Alexander,Dale Alexander,0.6,,170134,1,3
Costume & Make-Up,Costume Designer,5bdaa3650e0a2603bf008174,False,0,2166015,Costume & Make-Up,Carey Bennett,Carey Bennett,0.6,,170134,1,3
Camera,Director of Photography,5bdaa68f92514153f500859f,False,2,1215572,Directing,Randall Einhorn,Randall Einhorn,1.189,,170134,1,3
Costume & Make-Up,Key Hair Stylist,5bdaa74d0e0a2603b4008cbf,False,0,1664353,Costume & Make-Up,Cyndra Dunn,Cyndra Dunn,0.6,,170134,1,3
Production,Associate Producer,5bdaa1f09251415402008089,False,0,2166012,Production,Angie Hamilton,Angie Hamilton,0.6,,170134,1,3
Production,Co-Producer,5bdaa5d392514153f80081d5,False,2,1226308,Creator,Michael Schur,Michael Schur,2.206,/uFqjvTHNCfThf9ahEIYWFkszm9c.jpg,170134,1,3
Production,Casting,5bdaa67a0e0a2603b1008f64,False,0,1621286,Production,Marla Garlin,Marla Garlin,1.38,/wpoJHUVHRR3ISNDrXw7MnMZqSAS.jpg,170134,1,3
Editing,Editor,5bdaafab0e0a2603c6008e1a,False,0,1626381,Directing,Stuart Bass,Stuart Bass,0.6,,170134,1,3
Art,Production Design,5bdaafa2c3a368078b008d77,False,0,33562,Art,Donald Lee Harris,Donald Lee Harris,0.6,,170134,1,3
Art,Property Master,5bdaa766c3a36807820082a8,False,2,1844757,Art,Philip D. Shea,Philip D. Shea,0.6,,170134,1,3
Editing,Editor,5bdaa6c6925141540b0086e1,False,2,1532800,Production,David Rogers,David Rogers,0.6,/3WlHnqsP4S5NN95JB77U7JMNqCk.jpg,170134,1,3
Directing,First Assistant Director,5bdaa31d0e0a2603b6008fee,False,1,1665868,Production,Liz Ryan,Liz Ryan,0.98,,170134,1,3
Costume & Make-Up,Costume Supervisor,5bdaa36e92514153fb008795,False,0,1325655,Costume & Make-Up,Elinor Bardach,Elinor Bardach,0.728,,170134,1,3
Writing,Executive Story Editor,5bdaa5e292514153fd00872e,False,2,107770,Acting,B.J. Novak,B.J. Novak,1.706,/qsngFvN1tMvyu84atOPPsbLJc5M.jpg,170134,1,3
Editing,Assistant Editor,5bdaa3f9925141540200824a,False,0,1471442,Editing,Justin Krohn,Justin Krohn,0.6,,170134,1,3
Production,Consulting Producer,5bdab2069251415402009044,False,2,1213125,Writing,Paul Lieberstein,Paul Lieberstein,2.841,/oLCaNVAw5cfE5q4e0PRsmHTuHfd.jpg,170134,1,3
Lighting,Gaffer,5bdaa7d192514153fd0089da,False,0,87618,Camera,Brian Crane,Brian Crane,0.6,,170134,1,3
Production,Consulting Producer,5bdab1ef0e0a2603bb0096a2,False,0,1244094,Production,Lester Lewis,Lester Lewis,0.6,,170134,1,3
Production,Consulting Producer,5bdab1c7925141540e00851a,False,2,154091,Acting,Larry Wilmore,Larry Wilmore,1.4,/6Z55cIMHa50Wy3EEP8uCaK2sVGM.jpg,170134,1,3
Directing,Director,5257307f760ee3776a3407d7,False,2,122583,Directing,Bryan Gordon,Bryan Gordon,1.546,,170133,1,4
Writing,Writer,5257307f760ee3776a3407a3,False,2,1226308,Creator,Michael Schur,Michael Schur,2.206,/uFqjvTHNCfThf9ahEIYWFkszm9c.jpg,170133,1,4
Directing,Script Supervisor,5bdaa77ac3a368076500922c,False,1,1551338,Directing,Veda Semarne,Veda Semarne,0.6,,170133,1,4
Production,Unit Production Manager,5bdaa302c3a368078500877c,False,0,1230858,Production,Kent Zbornak,Kent Zbornak,0.98,,170133,1,4
Art,Set Decoration,5bdaa3990e0a2603b40089a6,False,0,2166017,Art,Steve Rostine,Steve Rostine,0.6,,170133,1,4
Writing,Staff Writer,5bdaa5f092514153fb008abb,False,1,125167,Acting,Mindy Kaling,Mindy Kaling,3.597,/xa8dwrTPaGc3PJ9GmT02ymJEX7l.jpg,170133,1,4
Camera,Key Grip,5bdaa7d90e0a2603c60086d9,False,0,1879373,Camera,Dale Alexander,Dale Alexander,0.6,,170133,1,4
Production,Production Designer,5bdaa2dec3a368077c008a4b,False,0,33562,Art,Donald Lee Harris,Donald Lee Harris,0.6,,170133,1,4
Costume & Make-Up,Costume Designer,5bdaa3650e0a2603bf008174,False,0,2166015,Costume & Make-Up,Carey Bennett,Carey Bennett,0.6,,170133,1,4
Camera,Director of Photography,5bdaa68f92514153f500859f,False,2,1215572,Directing,Randall Einhorn,Randall Einhorn,1.189,,170133,1,4
Costume & Make-Up,Key Hair Stylist,5bdaa74d0e0a2603b4008cbf,False,0,1664353,Costume & Make-Up,Cyndra Dunn,Cyndra Dunn,0.6,,170133,1,4
Production,Associate Producer,5bdaa1f09251415402008089,False,0,2166012,Production,Angie Hamilton,Angie Hamilton,0.6,,170133,1,4
Production,Co-Producer,5bdaa5d392514153f80081d5,False,2,1226308,Creator,Michael Schur,Michael Schur,2.206,/uFqjvTHNCfThf9ahEIYWFkszm9c.jpg,170133,1,4
Production,Casting,5bdaa67a0e0a2603b1008f64,False,0,1621286,Production,Marla Garlin,Marla Garlin,1.38,/wpoJHUVHRR3ISNDrXw7MnMZqSAS.jpg,170133,1,4
Editing,Editor,5bdaafab0e0a2603c6008e1a,False,0,1626381,Directing,Stuart Bass,Stuart Bass,0.6,,170133,1,4
Art,Property Master,5bdaa766c3a36807820082a8,False,2,1844757,Art,Philip D. Shea,Philip D. Shea,0.6,,170133,1,4
Editing,Editor,5bdaa6c6925141540b0086e1,False,2,1532800,Production,David Rogers,David Rogers,0.6,/3WlHnqsP4S5NN95JB77U7JMNqCk.jpg,170133,1,4
Directing,First Assistant Director,5bdaa31d0e0a2603b6008fee,False,1,1665868,Production,Liz Ryan,Liz Ryan,0.98,,170133,1,4
Costume & Make-Up,Costume Supervisor,5bdaa36e92514153fb008795,False,0,1325655,Costume & Make-Up,Elinor Bardach,Elinor Bardach,0.728,,170133,1,4
Writing,Executive Story Editor,5bdaa5e292514153fd00872e,False,2,107770,Acting,B.J. Novak,B.J. Novak,1.706,/qsngFvN1tMvyu84atOPPsbLJc5M.jpg,170133,1,4
Editing,Assistant Editor,5bdaa3f9925141540200824a,False,0,1471442,Editing,Justin Krohn,Justin Krohn,0.6,,170133,1,4
Production,Consulting Producer,5bdab2069251415402009044,False,2,1213125,Writing,Paul Lieberstein,Paul Lieberstein,2.841,/oLCaNVAw5cfE5q4e0PRsmHTuHfd.jpg,170133,1,4
Lighting,Gaffer,5bdaa7d192514153fd0089da,False,0,87618,Camera,Brian Crane,Brian Crane,0.6,,170133,1,4
Production,Consulting Producer,5bdab1ef0e0a2603bb0096a2,False,0,1244094,Production,Lester Lewis,Lester Lewis,0.6,,170133,1,4
Production,Consulting Producer,5bdab1c7925141540e00851a,False,2,154091,Acting,Larry Wilmore,Larry Wilmore,1.4,/6Z55cIMHa50Wy3EEP8uCaK2sVGM.jpg,170133,1,4
Directing,Director,5257307d760ee3776a34036d,False,2,1216630,Writing,Greg Daniels,Greg Daniels,1.4,/2Hi7Tw0fyYFOZex8BuGsHS8Q4KD.jpg,170131,1,5
Writing,Writer,5257307d760ee3776a340339,False,2,1216630,Writing,Greg Daniels,Greg Daniels,1.4,/2Hi7Tw0fyYFOZex8BuGsHS8Q4KD.jpg,170131,1,5
Directing,Director,5257307d760ee3776a34020a,False,1,57434,Directing,Amy Heckerling,Amy Heckerling,1.166,/hIc3bQxLOPAcpGJ1CVFuzpzJRZ0.jpg,170130,1,6
Writing,Writer,5257307d760ee3776a3401b0,False,1,125167,Acting,Mindy Kaling,Mindy Kaling,3.597,/xa8dwrTPaGc3PJ9GmT02ymJEX7l.jpg,170130,1,6
Directing,Director,5257307d760ee3776a34036d,False,2,1216630,Writing,Greg Daniels,Greg Daniels,1.4,/2Hi7Tw0fyYFOZex8BuGsHS8Q4KD.jpg,170148,2,1
Writing,Writer,5257307d760ee3776a3401b0,False,1,125167,Acting,Mindy Kaling,Mindy Kaling,3.597,/xa8dwrTPaGc3PJ9GmT02ymJEX7l.jpg,170148,2,1
Directing,Director,5257307f760ee3776a340736,False,2,29009,Directing,Ken Kwapis,Ken Kwapis,1.305,,170150,2,2
Writing,Writer,5257307f760ee3776a340702,False,2,107770,Acting,B.J. Novak,B.J. Novak,1.706,/qsngFvN1tMvyu84atOPPsbLJc5M.jpg,170150,2,2
Directing,Director,52573083760ee3776a340ded,False,2,116805,Directing,Paul Feig,Paul Feig,2.553,/lcD0BkGKWKynUwtPSEDLAsFdIJX.jpg,170142,2,3
Writing,Writer,5257307f760ee3776a3407a3,False,2,1226308,Creator,Michael Schur,Michael Schur,2.206,/uFqjvTHNCfThf9ahEIYWFkszm9c.jpg,170142,2,3
Directing,Director,5257307f760ee3776a340736,False,2,29009,Directing,Ken Kwapis,Ken Kwapis,1.305,,170137,2,4
Writing,Writer,5257307f760ee3776a340702,False,2,107770,Acting,B.J. Novak,B.J. Novak,1.706,/qsngFvN1tMvyu84atOPPsbLJc5M.jpg,170137,2,4
Directing,Director,52573083760ee3776a340ded,False,2,116805,Directing,Paul Feig,Paul Feig,2.553,/lcD0BkGKWKynUwtPSEDLAsFdIJX.jpg,170155,2,5
Writing,Writer,5257307d760ee3776a340339,False,2,1216630,Writing,Greg Daniels,Greg Daniels,1.4,/2Hi7Tw0fyYFOZex8BuGsHS8Q4KD.jpg,170155,2,5
Directing,Director,5257307f760ee3776a340736,False,2,29009,Directing,Ken Kwapis,Ken Kwapis,1.305,,170143,2,6
Writing,Writer,52573083760ee3776a340cba,False,2,84417,Writing,Lee Eisenberg,Lee Eisenberg,0.765,/qxA2eLl3AmBKfXqeCQy7RDlZSkE.jpg,170143,2,6
Writing,Writer,52573083760ee3776a340c82,False,2,84416,Writing,Gene Stupnitsky,Gene Stupnitsky,0.732,,170143,2,6
Writing,Writer,52573080760ee3776a340878,False,2,1213125,Writing,Paul Lieberstein,Paul Lieberstein,2.841,/oLCaNVAw5cfE5q4e0PRsmHTuHfd.jpg,170138,2,7
Directing,Director,5257307d760ee3776a34036d,False,2,1216630,Writing,Greg Daniels,Greg Daniels,1.4,/2Hi7Tw0fyYFOZex8BuGsHS8Q4KD.jpg,170138,2,7
Directing,Director,52573083760ee3776a340ded,False,2,116805,Directing,Paul Feig,Paul Feig,2.553,/lcD0BkGKWKynUwtPSEDLAsFdIJX.jpg,170154,2,8
Writing,Writer,52573088760ee3776a34148a,False,2,154091,Acting,Larry Wilmore,Larry Wilmore,1.4,/6Z55cIMHa50Wy3EEP8uCaK2sVGM.jpg,170154,2,8
Directing,Director,52573083760ee3776a340ded,False,2,116805,Directing,Paul Feig,Paul Feig,2.553,/lcD0BkGKWKynUwtPSEDLAsFdIJX.jpg,170141,2,9
Writing,Writer,52573083760ee3776a340db9,False,1,1220649,Writing,Jennifer Celotta,Jennifer Celotta,0.84,,170141,2,9
Directing,Director,52573084760ee3776a340fa4,False,2,157771,Directing,Charles McDougall,Charles McDougall,1.4,/ty4SFTBrT7g2j9ywxuwCbpmKdND.jpg,170156,2,10
Writing,Writer,5257307f760ee3776a3407a3,False,2,1226308,Creator,Michael Schur,Michael Schur,2.206,/uFqjvTHNCfThf9ahEIYWFkszm9c.jpg,170156,2,10
Directing,Director,5257307f760ee3776a340736,False,2,29009,Directing,Ken Kwapis,Ken Kwapis,1.305,,170139,2,11
Writing,Writer,5257307d760ee3776a340339,False,2,1216630,Writing,Greg Daniels,Greg Daniels,1.4,/2Hi7Tw0fyYFOZex8BuGsHS8Q4KD.jpg,170139,2,11
Directing,Director,5257307f760ee3776a3407d7,False,2,122583,Directing,Bryan Gordon,Bryan Gordon,1.546,,170136,2,12
Writing,Writer,5257307d760ee3776a3401b0,False,1,125167,Acting,Mindy Kaling,Mindy Kaling,3.597,/xa8dwrTPaGc3PJ9GmT02ymJEX7l.jpg,170136,2,12
Directing,Director,52573083760ee3776a340cee,False,1,66960,Directing,Dennie Gordon,Dennie Gordon,1.4,,170140,2,13
Writing,Writer,52573083760ee3776a340cba,False,2,84417,Writing,Lee Eisenberg,Lee Eisenberg,0.765,/qxA2eLl3AmBKfXqeCQy7RDlZSkE.jpg,170140,2,13
Writing,Writer,52573083760ee3776a340c82,False,2,84416,Writing,Gene Stupnitsky,Gene Stupnitsky,0.732,,170140,2,13
Writing,Writer,52573080760ee3776a340878,False,2,1213125,Writing,Paul Lieberstein,Paul Lieberstein,2.841,/oLCaNVAw5cfE5q4e0PRsmHTuHfd.jpg,170149,2,14
Directing,Director,52573085760ee3776a341233,False,2,57115,Directing,Victor Nelli Jr.,Victor Nelli Jr.,1.55,,170149,2,14
Writing,Writer,5257307f760ee3776a340702,False,2,107770,Acting,B.J. Novak,B.J. Novak,1.706,/qsngFvN1tMvyu84atOPPsbLJc5M.jpg,170145,2,15
Directing,Director,52573083760ee3776a340cee,False,1,66960,Directing,Dennie Gordon,Dennie Gordon,1.4,,170145,2,15
Directing,Director,5257307d760ee3776a34036d,False,2,1216630,Writing,Greg Daniels,Greg Daniels,1.4,/2Hi7Tw0fyYFOZex8BuGsHS8Q4KD.jpg,170146,2,16
Writing,Writer,5257307f760ee3776a3407a3,False,2,1226308,Creator,Michael Schur,Michael Schur,2.206,/uFqjvTHNCfThf9ahEIYWFkszm9c.jpg,170146,2,16
Writing,Writer,52573080760ee3776a340878,False,2,1213125,Writing,Paul Lieberstein,Paul Lieberstein,2.841,/oLCaNVAw5cfE5q4e0PRsmHTuHfd.jpg,170151,2,17
Directing,Director,52573084760ee3776a340fa4,False,2,157771,Directing,Charles McDougall,Charles McDougall,1.4,/ty4SFTBrT7g2j9ywxuwCbpmKdND.jpg,170151,2,17
Directing,Director,52573085760ee3776a341233,False,2,57115,Directing,Victor Nelli Jr.,Victor Nelli Jr.,1.55,,170152,2,18
Writing,Writer,5257307d760ee3776a3401b0,False,1,125167,Acting,Mindy Kaling,Mindy Kaling,3.597,/xa8dwrTPaGc3PJ9GmT02ymJEX7l.jpg,170152,2,18
Directing,Director,52573080760ee3776a3408ac,False,2,1212689,Directing,Ken Whittingham,Ken Whittingham,2.628,/tu5mskTc5wEvCzSyQJHPKKTcETI.jpg,170157,2,19
Writing,Writer,52573083760ee3776a340cba,False,2,84417,Writing,Lee Eisenberg,Lee Eisenberg,0.765,/qxA2eLl3AmBKfXqeCQy7RDlZSkE.jpg,170157,2,19
Writing,Writer,52573083760ee3776a340c82,False,2,84416,Writing,Gene Stupnitsky,Gene Stupnitsky,0.732,,170157,2,19
Directing,Director,5257307d760ee3776a34036d,False,2,1216630,Writing,Greg Daniels,Greg Daniels,1.4,/2Hi7Tw0fyYFOZex8BuGsHS8Q4KD.jpg,170147,2,20
Writing,Writer,52573083760ee3776a340db9,False,1,1220649,Writing,Jennifer Celotta,Jennifer Celotta,0.84,,170147,2,20
Writing,Writer,5257307d760ee3776a340339,False,2,1216630,Writing,Greg Daniels,Greg Daniels,1.4,/2Hi7Tw0fyYFOZex8BuGsHS8Q4KD.jpg,170144,2,21
Directing,Director,52573084760ee3776a340fa4,False,2,157771,Directing,Charles McDougall,Charles McDougall,1.4,/ty4SFTBrT7g2j9ywxuwCbpmKdND.jpg,170144,2,21
Directing,Director,5257307f760ee3776a340736,False,2,29009,Directing,Ken Kwapis,Ken Kwapis,1.305,,170153,2,22
Directing,Director,5257307f760ee3776a340736,False,2,29009,Directing,Ken Kwapis,Ken Kwapis,1.305,,170158,3,1
Writing,Writer,5257307d760ee3776a340339,False,2,1216630,Writing,Greg Daniels,Greg Daniels,1.4,/2Hi7Tw0fyYFOZex8BuGsHS8Q4KD.jpg,170158,3,1
Directing,Director,52573080760ee3776a3408ac,False,2,1212689,Directing,Ken Whittingham,Ken Whittingham,2.628,/tu5mskTc5wEvCzSyQJHPKKTcETI.jpg,170160,3,2
Writing,Writer,52573083760ee3776a340cba,False,2,84417,Writing,Lee Eisenberg,Lee Eisenberg,0.765,/qxA2eLl3AmBKfXqeCQy7RDlZSkE.jpg,170160,3,2
Writing,Writer,52573083760ee3776a340c82,False,2,84416,Writing,Gene Stupnitsky,Gene Stupnitsky,0.732,,170160,3,2
Writing,Writer,52573080760ee3776a340878,False,2,1213125,Writing,Paul Lieberstein,Paul Lieberstein,2.841,/oLCaNVAw5cfE5q4e0PRsmHTuHfd.jpg,170159,3,3
Directing,Director,5257307d760ee3776a34036d,False,2,1216630,Writing,Greg Daniels,Greg Daniels,1.4,/2Hi7Tw0fyYFOZex8BuGsHS8Q4KD.jpg,170159,3,3
Writing,Writer,52573083760ee3776a340db9,False,1,1220649,Writing,Jennifer Celotta,Jennifer Celotta,0.84,,170162,3,4
Writing,Writer,5257307f760ee3776a340702,False,2,107770,Acting,B.J. Novak,B.J. Novak,1.706,/qsngFvN1tMvyu84atOPPsbLJc5M.jpg,170161,3,5
Directing,Director,5257308a760ee3776a3417cf,False,2,1215572,Directing,Randall Einhorn,Randall Einhorn,1.189,,170161,3,5
Directing,Director,5257308b760ee3776a3418d2,False,2,61069,Directing,Miguel Arteta,Miguel Arteta,1.76,/bAuqxNYzxFxU4lX8wExPzBZ8vJ6.jpg,170164,3,6
Writing,Writer,5257307d760ee3776a3401b0,False,1,125167,Acting,Mindy Kaling,Mindy Kaling,3.597,/xa8dwrTPaGc3PJ9GmT02ymJEX7l.jpg,170164,3,6
Directing,Director,5257308b760ee3776a341869,False,2,1212609,Directing,Tucker Gates,Tucker Gates,2.823,/fZTqgwbg6VWMz3VwoGrtMocg2xV.jpg,170163,3,7
Writing,Writer,5257307f760ee3776a3407a3,False,2,1226308,Creator,Michael Schur,Michael Schur,2.206,/uFqjvTHNCfThf9ahEIYWFkszm9c.jpg,170163,3,7
Directing,Director,52573080760ee3776a3408ac,False,2,1212689,Directing,Ken Whittingham,Ken Whittingham,2.628,/tu5mskTc5wEvCzSyQJHPKKTcETI.jpg,170165,3,8
Writing,Writer,5257308b760ee3776a341959,False,2,1216619,Writing,Brent Forrester,Brent Forrester,1.021,,170165,3,8
Writing,Writer,52573080760ee3776a34097d,False,2,39189,Acting,Stephen Merchant,Stephen Merchant,3.186,/6WM2rK6390Nwk398syJbGcPvRct.jpg,170166,3,9
Writing,Writer,52573080760ee3776a340945,False,2,17835,Acting,Ricky Gervais,Ricky Gervais,3.446,/2mAjcq9AQA9peQxNoeEW76DPIju.jpg,170166,3,9
Writing,Writer,52573083760ee3776a340db9,False,1,1220649,Writing,Jennifer Celotta,Jennifer Celotta,0.84,,170167,3,10
Directing,Director,5257308c760ee3776a341a33,False,2,1524,Directing,Harold Ramis,Harold Ramis,2.391,/ybP1eurMS1OFdKMIvA9ThNUNuh2.jpg,170167,3,10
Directing,Director,5257308f760ee3776a341fcd,False,2,173667,Directing,Julian Farino,Julian Farino,1.396,,170180,3,11
Writing,Writer,5257308f760ee3776a341e7f,False,2,1230847,Writing,Justin Spitzer,Justin Spitzer,0.758,/7LiIHJLBv6Li1lmASD6mrigtKPo.jpg,170180,3,11
Directing,Director,5257307d760ee3776a34036d,False,2,1216630,Writing,Greg Daniels,Greg Daniels,1.4,/2Hi7Tw0fyYFOZex8BuGsHS8Q4KD.jpg,170168,3,12
Writing,Writer,5257307f760ee3776a3407a3,False,2,1226308,Creator,Michael Schur,Michael Schur,2.206,/uFqjvTHNCfThf9ahEIYWFkszm9c.jpg,170168,3,12
Writing,Writer,52573083760ee3776a340cba,False,2,84417,Writing,Lee Eisenberg,Lee Eisenberg,0.765,/qxA2eLl3AmBKfXqeCQy7RDlZSkE.jpg,170168,3,12
Writing,Writer,52573083760ee3776a340c82,False,2,84416,Writing,Gene Stupnitsky,Gene Stupnitsky,0.732,,170168,3,12
Directing,Director,5257307d760ee3776a34036d,False,2,1216630,Writing,Greg Daniels,Greg Daniels,1.4,/2Hi7Tw0fyYFOZex8BuGsHS8Q4KD.jpg,170169,3,13
Writing,Writer,5257307f760ee3776a3407a3,False,2,1226308,Creator,Michael Schur,Michael Schur,2.206,/uFqjvTHNCfThf9ahEIYWFkszm9c.jpg,170169,3,13
Writing,Writer,52573083760ee3776a340cba,False,2,84417,Writing,Lee Eisenberg,Lee Eisenberg,0.765,/qxA2eLl3AmBKfXqeCQy7RDlZSkE.jpg,170169,3,13
Writing,Writer,52573083760ee3776a340c82,False,2,84416,Writing,Gene Stupnitsky,Gene Stupnitsky,0.732,,170169,3,13
Directing,Director,5257308a760ee3776a3417cf,False,2,1215572,Directing,Randall Einhorn,Randall Einhorn,1.189,,1034981,3,14
Writing,Writer,5257307d760ee3776a3401b0,False,1,125167,Acting,Mindy Kaling,Mindy Kaling,3.597,/xa8dwrTPaGc3PJ9GmT02ymJEX7l.jpg,1034981,3,14
Directing,Director,52573080760ee3776a3408ac,False,2,1212689,Directing,Ken Whittingham,Ken Whittingham,2.628,/tu5mskTc5wEvCzSyQJHPKKTcETI.jpg,170173,3,15
Writing,Writer,5f88c21c39549a0036b426fc,False,1,1351221,Writing,Caroline Goddard,Caroline Goddard,0.6,,170173,3,15
Writing,Writer,5257308b760ee3776a341959,False,2,1216619,Writing,Brent Forrester,Brent Forrester,1.021,,170174,3,16
Directing,Director,5257308d760ee3776a341d27,False,2,12891,Writing,Joss Whedon,Joss Whedon,2.957,/mVvpZnKYKSCtkOQixQnOonV5kv3.jpg,170174,3,16
Writing,Writer,52573080760ee3776a340878,False,2,1213125,Writing,Paul Lieberstein,Paul Lieberstein,2.841,/oLCaNVAw5cfE5q4e0PRsmHTuHfd.jpg,1034986,3,17
Directing,Director,5f88c2a38258fc0034b0b931,False,2,15344,Directing,J.J. Abrams,J.J. Abrams,3.652,/uiEVOx3QclxnN76t8PU6v5IcUUP.jpg,1034986,3,17
Writing,Writer,5257307f760ee3776a3407a3,False,2,1226308,Creator,Michael Schur,Michael Schur,2.206,/uFqjvTHNCfThf9ahEIYWFkszm9c.jpg,170172,3,18
Directing,Director,5f88c2fc8258fc0037a6ffd9,False,2,89576,Directing,Jeffrey Blitz,Jeffrey Blitz,0.6,,170172,3,18
Writing,Writer,5257307f760ee3776a340702,False,2,107770,Acting,B.J. Novak,B.J. Novak,1.706,/qsngFvN1tMvyu84atOPPsbLJc5M.jpg,170175,3,19
Directing,Director,5257308c760ee3776a341a33,False,2,1524,Directing,Harold Ramis,Harold Ramis,2.391,/ybP1eurMS1OFdKMIvA9ThNUNuh2.jpg,170175,3,19
Directing,Director,5257308a760ee3776a3417cf,False,2,1215572,Directing,Randall Einhorn,Randall Einhorn,1.189,,170176,3,20
Writing,Writer,5257308b760ee3776a341959,False,2,1216619,Writing,Brent Forrester,Brent Forrester,1.021,,170176,3,20
Writing,Writer,5257308f760ee3776a341e7f,False,2,1230847,Writing,Justin Spitzer,Justin Spitzer,0.758,/7LiIHJLBv6Li1lmASD6mrigtKPo.jpg,170176,3,20
Directing,Director,5257308b760ee3776a341869,False,2,1212609,Directing,Tucker Gates,Tucker Gates,2.823,/fZTqgwbg6VWMz3VwoGrtMocg2xV.jpg,170177,3,21
Writing,Writer,52573083760ee3776a340cba,False,2,84417,Writing,Lee Eisenberg,Lee Eisenberg,0.765,/qxA2eLl3AmBKfXqeCQy7RDlZSkE.jpg,170177,3,21
Writing,Writer,52573083760ee3776a340c82,False,2,84416,Writing,Gene Stupnitsky,Gene Stupnitsky,0.732,,170177,3,21
Writing,Writer,52573083760ee3776a340db9,False,1,1220649,Writing,Jennifer Celotta,Jennifer Celotta,0.84,,170178,3,22
Writing,Writer,5257307d760ee3776a340339,False,2,1216630,Writing,Greg Daniels,Greg Daniels,1.4,/2Hi7Tw0fyYFOZex8BuGsHS8Q4KD.jpg,170178,3,22
Directing,Director,5257308c760ee3776a341a33,False,2,1524,Directing,Harold Ramis,Harold Ramis,2.391,/ybP1eurMS1OFdKMIvA9ThNUNuh2.jpg,170178,3,22
Writing,Writer,52573080760ee3776a340878,False,2,1213125,Writing,Paul Lieberstein,Paul Lieberstein,2.841,/oLCaNVAw5cfE5q4e0PRsmHTuHfd.jpg,170179,3,23
Directing,Director,5257307f760ee3776a340736,False,2,29009,Directing,Ken Kwapis,Ken Kwapis,1.305,,170179,3,23
Writing,Writer,5257307f760ee3776a3407a3,False,2,1226308,Creator,Michael Schur,Michael Schur,2.206,/uFqjvTHNCfThf9ahEIYWFkszm9c.jpg,170179,3,23
Directing,Director,5257307d760ee3776a34036d,False,2,1216630,Writing,Greg Daniels,Greg Daniels,1.4,/2Hi7Tw0fyYFOZex8BuGsHS8Q4KD.jpg,170244,4,1
Writing,Writer,5257307d760ee3776a340339,False,2,1216630,Writing,Greg Daniels,Greg Daniels,1.4,/2Hi7Tw0fyYFOZex8BuGsHS8Q4KD.jpg,170244,4,1
Directing,Director,5257307d760ee3776a34036d,False,2,1216630,Writing,Greg Daniels,Greg Daniels,1.4,/2Hi7Tw0fyYFOZex8BuGsHS8Q4KD.jpg,170245,4,2
Writing,Writer,5257307d760ee3776a340339,False,2,1216630,Writing,Greg Daniels,Greg Daniels,1.4,/2Hi7Tw0fyYFOZex8BuGsHS8Q4KD.jpg,170245,4,2
Writing,Writer,5257307f760ee3776a3407a3,False,2,1226308,Creator,Michael Schur,Michael Schur,2.206,/uFqjvTHNCfThf9ahEIYWFkszm9c.jpg,170246,4,3
Directing,Director,5ff8d76c61bac4003fa94bb2,False,2,154521,Directing,Craig Zisk,Craig Zisk,1.4,/1WTt2jjxDwT0ngzrpO02VZYZDYV.jpg,170246,4,3
Writing,Writer,5257307f760ee3776a3407a3,False,2,1226308,Creator,Michael Schur,Michael Schur,2.206,/uFqjvTHNCfThf9ahEIYWFkszm9c.jpg,170247,4,4
Directing,Director,5ff8d76c61bac4003fa94bb2,False,2,154521,Directing,Craig Zisk,Craig Zisk,1.4,/1WTt2jjxDwT0ngzrpO02VZYZDYV.jpg,170247,4,4
Directing,Director,52573080760ee3776a3408ac,False,2,1212689,Directing,Ken Whittingham,Ken Whittingham,2.628,/tu5mskTc5wEvCzSyQJHPKKTcETI.jpg,170248,4,5
Writing,Writer,52573083760ee3776a340db9,False,1,1220649,Writing,Jennifer Celotta,Jennifer Celotta,0.84,,170248,4,5
Directing,Director,52573080760ee3776a3408ac,False,2,1212689,Directing,Ken Whittingham,Ken Whittingham,2.628,/tu5mskTc5wEvCzSyQJHPKKTcETI.jpg,170249,4,6
Writing,Writer,52573083760ee3776a340db9,False,1,1220649,Writing,Jennifer Celotta,Jennifer Celotta,0.84,,170249,4,6
Writing,Writer,52573080760ee3776a340878,False,2,1213125,Writing,Paul Lieberstein,Paul Lieberstein,2.841,/oLCaNVAw5cfE5q4e0PRsmHTuHfd.jpg,170250,4,7
Directing,Director,52573090760ee3776a342018,False,2,1213125,Writing,Paul Lieberstein,Paul Lieberstein,2.841,/oLCaNVAw5cfE5q4e0PRsmHTuHfd.jpg,170250,4,7
Writing,Writer,52573080760ee3776a340878,False,2,1213125,Writing,Paul Lieberstein,Paul Lieberstein,2.841,/oLCaNVAw5cfE5q4e0PRsmHTuHfd.jpg,170251,4,8
Directing,Director,52573090760ee3776a342018,False,2,1213125,Writing,Paul Lieberstein,Paul Lieberstein,2.841,/oLCaNVAw5cfE5q4e0PRsmHTuHfd.jpg,170251,4,8
Writing,Writer,5257307f760ee3776a340702,False,2,107770,Acting,B.J. Novak,B.J. Novak,1.706,/qsngFvN1tMvyu84atOPPsbLJc5M.jpg,170237,4,9
Directing,Director,52573097760ee3776a342b63,False,2,52443,Directing,Jason Reitman,Jason Reitman,1.906,/eNNN1dwfB6b6p2hoEG1xyoa7H2p.jpg,170237,4,9
Directing,Director,5257308d760ee3776a341d27,False,2,12891,Writing,Joss Whedon,Joss Whedon,2.957,/mVvpZnKYKSCtkOQixQnOonV5kv3.jpg,170238,4,10
Writing,Writer,5257307d760ee3776a3401b0,False,1,125167,Acting,Mindy Kaling,Mindy Kaling,3.597,/xa8dwrTPaGc3PJ9GmT02ymJEX7l.jpg,170238,4,10
Directing,Director,52573083760ee3776a340ded,False,2,116805,Directing,Paul Feig,Paul Feig,2.553,/lcD0BkGKWKynUwtPSEDLAsFdIJX.jpg,170239,4,11
Writing,Writer,5ff9c30da0be28003e8c3fba,False,2,4495,Acting,Steve Carell,Steve Carell,5.82,/dzJtsLspH5Bf8Tvw7OQC47ETNfJ.jpg,170239,4,11
Directing,Director,5257308f760ee3776a341fcd,False,2,173667,Directing,Julian Farino,Julian Farino,1.396,,170240,4,12
Writing,Writer,5ff9c3f361bac4003daa178f,False,0,1244094,Production,Lester Lewis,Lester Lewis,0.6,,170240,4,12
Directing,Director,52573083760ee3776a340ded,False,2,116805,Directing,Paul Feig,Paul Feig,2.553,/lcD0BkGKWKynUwtPSEDLAsFdIJX.jpg,170241,4,13
Writing,Writer,52573083760ee3776a340cba,False,2,84417,Writing,Lee Eisenberg,Lee Eisenberg,0.765,/qxA2eLl3AmBKfXqeCQy7RDlZSkE.jpg,170241,4,13
Writing,Writer,52573083760ee3776a340c82,False,2,84416,Writing,Gene Stupnitsky,Gene Stupnitsky,0.732,,170241,4,13
Writing,Writer,5257307f760ee3776a340702,False,2,107770,Acting,B.J. Novak,B.J. Novak,1.706,/qsngFvN1tMvyu84atOPPsbLJc5M.jpg,170242,4,14
Directing,Director,5f88c2fc8258fc0037a6ffd9,False,2,89576,Directing,Jeffrey Blitz,Jeffrey Blitz,0.6,,170242,4,14
Directing,Director,52573080760ee3776a3408ac,False,2,1212689,Directing,Ken Whittingham,Ken Whittingham,2.628,/tu5mskTc5wEvCzSyQJHPKKTcETI.jpg,170235,4,15
Writing,Writer,5257307d760ee3776a3401b0,False,1,125167,Acting,Mindy Kaling,Mindy Kaling,3.597,/xa8dwrTPaGc3PJ9GmT02ymJEX7l.jpg,170235,4,15
Directing,Director,5257308a760ee3776a3417cf,False,2,1215572,Directing,Randall Einhorn,Randall Einhorn,1.189,,170243,4,16
Writing,Writer,5257308b760ee3776a341959,False,2,1216619,Writing,Brent Forrester,Brent Forrester,1.021,,170243,4,16
Writing,Writer,5257308f760ee3776a341e7f,False,2,1230847,Writing,Justin Spitzer,Justin Spitzer,0.758,/7LiIHJLBv6Li1lmASD6mrigtKPo.jpg,170243,4,16
Directing,Director,5257308b760ee3776a341869,False,2,1212609,Directing,Tucker Gates,Tucker Gates,2.823,/fZTqgwbg6VWMz3VwoGrtMocg2xV.jpg,170236,4,17
Writing,Writer,52573083760ee3776a340cba,False,2,84417,Writing,Lee Eisenberg,Lee Eisenberg,0.765,/qxA2eLl3AmBKfXqeCQy7RDlZSkE.jpg,170236,4,17
Writing,Writer,52573083760ee3776a340c82,False,2,84416,Writing,Gene Stupnitsky,Gene Stupnitsky,0.732,,170236,4,17
Directing,Director,52573083760ee3776a340ded,False,2,116805,Directing,Paul Feig,Paul Feig,2.553,/lcD0BkGKWKynUwtPSEDLAsFdIJX.jpg,170233,4,18
Writing,Writer,52573080760ee3776a340878,False,2,1213125,Writing,Paul Lieberstein,Paul Lieberstein,2.841,/oLCaNVAw5cfE5q4e0PRsmHTuHfd.jpg,170233,4,18
Writing,Writer,52573083760ee3776a340db9,False,1,1220649,Writing,Jennifer Celotta,Jennifer Celotta,0.84,,170233,4,18
Directing,Director,52573083760ee3776a340ded,False,2,116805,Directing,Paul Feig,Paul Feig,2.553,/lcD0BkGKWKynUwtPSEDLAsFdIJX.jpg,170234,4,19
Writing,Writer,52573080760ee3776a340878,False,2,1213125,Writing,Paul Lieberstein,Paul Lieberstein,2.841,/oLCaNVAw5cfE5q4e0PRsmHTuHfd.jpg,170234,4,19
Writing,Writer,52573083760ee3776a340db9,False,1,1220649,Writing,Jennifer Celotta,Jennifer Celotta,0.84,,170234,4,19
Directing,Director,52573083760ee3776a340ded,False,2,116805,Directing,Paul Feig,Paul Feig,2.553,/lcD0BkGKWKynUwtPSEDLAsFdIJX.jpg,170232,5,1
Writing,Writer,52573083760ee3776a340cba,False,2,84417,Writing,Lee Eisenberg,Lee Eisenberg,0.765,/qxA2eLl3AmBKfXqeCQy7RDlZSkE.jpg,170232,5,1
Writing,Writer,52573083760ee3776a340c82,False,2,84416,Writing,Gene Stupnitsky,Gene Stupnitsky,0.732,,170232,5,1
Directing,Director,5257307d760ee3776a34036d,False,2,1216630,Writing,Greg Daniels,Greg Daniels,1.4,/2Hi7Tw0fyYFOZex8BuGsHS8Q4KD.jpg,170230,5,3
Writing,Writer,52573090760ee3776a3422c9,False,2,1229493,Writing,Aaron Shure,Aaron Shure,0.6,,170230,5,3
Directing,Director,52573090760ee3776a342286,False,1,1220649,Writing,Jennifer Celotta,Jennifer Celotta,0.84,,170210,5,4
Writing,Writer,52573093760ee3776a3425fb,False,2,1226276,Writing,Charlie Grandy,Charlie Grandy,1.96,,170210,5,4
Writing,Writer,52573097760ee3776a342a14,False,0,1230850,Writing,Anthony Q. Farrell,Anthony Q. Farrell,0.6,,170211,5,5
Directing,Director,52573097760ee3776a342a8d,False,2,39189,Acting,Stephen Merchant,Stephen Merchant,3.186,/6WM2rK6390Nwk398syJbGcPvRct.jpg,170212,5,6
Directing,Director,5257308a760ee3776a3417cf,False,2,1215572,Directing,Randall Einhorn,Randall Einhorn,1.189,,170213,5,7
Writing,Writer,5257308b760ee3776a341959,False,2,1216619,Writing,Brent Forrester,Brent Forrester,1.021,,170213,5,7
Writing,Writer,52573083760ee3776a340db9,False,1,1220649,Writing,Jennifer Celotta,Jennifer Celotta,0.84,,170214,5,8
Directing,Director,52573097760ee3776a342b63,False,2,52443,Directing,Jason Reitman,Jason Reitman,1.906,/eNNN1dwfB6b6p2hoEG1xyoa7H2p.jpg,170214,5,8
Writing,Writer,5257307d760ee3776a3401b0,False,1,125167,Acting,Mindy Kaling,Mindy Kaling,3.597,/xa8dwrTPaGc3PJ9GmT02ymJEX7l.jpg,170214,5,8
Directing,Director,52573083760ee3776a340ded,False,2,116805,Directing,Paul Feig,Paul Feig,2.553,/lcD0BkGKWKynUwtPSEDLAsFdIJX.jpg,170215,5,9
Writing,Writer,52573083760ee3776a340cba,False,2,84417,Writing,Lee Eisenberg,Lee Eisenberg,0.765,/qxA2eLl3AmBKfXqeCQy7RDlZSkE.jpg,170215,5,9
Writing,Writer,52573083760ee3776a340c82,False,2,84416,Writing,Gene Stupnitsky,Gene Stupnitsky,0.732,,170215,5,9
Directing,Director,52573083760ee3776a340ded,False,2,116805,Directing,Paul Feig,Paul Feig,2.553,/lcD0BkGKWKynUwtPSEDLAsFdIJX.jpg,170216,5,10
Writing,Writer,5257308f760ee3776a341e7f,False,2,1230847,Writing,Justin Spitzer,Justin Spitzer,0.758,/7LiIHJLBv6Li1lmASD6mrigtKPo.jpg,170216,5,10
Writing,Writer,52573083760ee3776a340db9,False,1,1220649,Writing,Jennifer Celotta,Jennifer Celotta,0.84,,170209,5,11
Directing,Director,5baecc479251413cec000f87,False,2,1290146,Directing,Dean Holland,Dean Holland,0.6,,170209,5,11
Writing,Writer,5257307f760ee3776a340702,False,2,107770,Acting,B.J. Novak,B.J. Novak,1.706,/qsngFvN1tMvyu84atOPPsbLJc5M.jpg,170217,5,12
Directing,Director,52573098760ee3776a342c62,False,2,1212807,Directing,Asaad Kelada,Asaad Kelada,0.648,,170217,5,12
Writing,Writer,52573080760ee3776a340878,False,2,1213125,Writing,Paul Lieberstein,Paul Lieberstein,2.841,/oLCaNVAw5cfE5q4e0PRsmHTuHfd.jpg,170228,5,13
Directing,Director,5257307f760ee3776a340736,False,2,29009,Directing,Ken Kwapis,Ken Kwapis,1.305,,170208,5,14
Directing,Director,5257308a760ee3776a3417cf,False,2,1215572,Directing,Randall Einhorn,Randall Einhorn,1.189,,170208,5,14
Writing,Writer,5257308b760ee3776a341959,False,2,1216619,Writing,Brent Forrester,Brent Forrester,1.021,,170208,5,14
Writing,Writer,5257307d760ee3776a3401b0,False,1,125167,Acting,Mindy Kaling,Mindy Kaling,3.597,/xa8dwrTPaGc3PJ9GmT02ymJEX7l.jpg,170208,5,14
Directing,Director,5257307f760ee3776a340736,False,2,29009,Directing,Ken Kwapis,Ken Kwapis,1.305,,170207,5,15
Directing,Director,5257308a760ee3776a3417cf,False,2,1215572,Directing,Randall Einhorn,Randall Einhorn,1.189,,170207,5,15
Writing,Writer,5257307d760ee3776a3401b0,False,1,125167,Acting,Mindy Kaling,Mindy Kaling,3.597,/xa8dwrTPaGc3PJ9GmT02ymJEX7l.jpg,170207,5,15
Directing,Director,5257308a760ee3776a3417cf,False,2,1215572,Directing,Randall Einhorn,Randall Einhorn,1.189,,170229,5,16
Writing,Writer,5257308b760ee3776a341959,False,2,1216619,Writing,Brent Forrester,Brent Forrester,1.021,,170229,5,16
Directing,Director,5257308a760ee3776a3417cf,False,2,1215572,Directing,Randall Einhorn,Randall Einhorn,1.189,,170218,5,17
Writing,Writer,52573090760ee3776a3422c9,False,2,1229493,Writing,Aaron Shure,Aaron Shure,0.6,,170218,5,17
Writing,Writer,5257307d760ee3776a3401b0,False,1,125167,Acting,Mindy Kaling,Mindy Kaling,3.597,/xa8dwrTPaGc3PJ9GmT02ymJEX7l.jpg,170218,5,17
Directing,Director,52573090760ee3776a342018,False,2,1213125,Writing,Paul Lieberstein,Paul Lieberstein,2.841,/oLCaNVAw5cfE5q4e0PRsmHTuHfd.jpg,170218,5,17
Directing,Director,52573083760ee3776a340ded,False,2,116805,Directing,Paul Feig,Paul Feig,2.553,/lcD0BkGKWKynUwtPSEDLAsFdIJX.jpg,170219,5,18
Writing,Writer,52573083760ee3776a340cba,False,2,84417,Writing,Lee Eisenberg,Lee Eisenberg,0.765,/qxA2eLl3AmBKfXqeCQy7RDlZSkE.jpg,170219,5,18
Writing,Writer,52573083760ee3776a340c82,False,2,84416,Writing,Gene Stupnitsky,Gene Stupnitsky,0.732,,170219,5,18
Writing,Writer,52573090760ee3776a3422c9,False,2,1229493,Writing,Aaron Shure,Aaron Shure,0.6,,170220,5,19
Writing,Writer,5257308f760ee3776a341e7f,False,2,1230847,Writing,Justin Spitzer,Justin Spitzer,0.758,/7LiIHJLBv6Li1lmASD6mrigtKPo.jpg,170220,5,19
Directing,Director,52573090760ee3776a342018,False,2,1213125,Writing,Paul Lieberstein,Paul Lieberstein,2.841,/oLCaNVAw5cfE5q4e0PRsmHTuHfd.jpg,170220,5,19
Directing,Director,52573080760ee3776a3408ac,False,2,1212689,Directing,Ken Whittingham,Ken Whittingham,2.628,/tu5mskTc5wEvCzSyQJHPKKTcETI.jpg,170222,5,20
Directing,Director,52573083760ee3776a340ded,False,2,116805,Directing,Paul Feig,Paul Feig,2.553,/lcD0BkGKWKynUwtPSEDLAsFdIJX.jpg,170222,5,20
Writing,Writer,5257307f760ee3776a340702,False,2,107770,Acting,B.J. Novak,B.J. Novak,1.706,/qsngFvN1tMvyu84atOPPsbLJc5M.jpg,170222,5,20
Writing,Writer,52573093760ee3776a3425fb,False,2,1226276,Writing,Charlie Grandy,Charlie Grandy,1.96,,170226,5,21
Writing,Writer,5257308f760ee3776a341e7f,False,2,1230847,Writing,Justin Spitzer,Justin Spitzer,0.758,/7LiIHJLBv6Li1lmASD6mrigtKPo.jpg,170226,5,21
Directing,Director,52573080760ee3776a3408ac,False,2,1212689,Directing,Ken Whittingham,Ken Whittingham,2.628,/tu5mskTc5wEvCzSyQJHPKKTcETI.jpg,170223,5,22
Writing,Writer,52573091760ee3776a3424b5,False,0,1225604,Writing,Warren Lieberstein,Warren Lieberstein,0.6,,170224,5,23
Directing,Director,5257308a760ee3776a3417cf,False,2,1215572,Directing,Randall Einhorn,Randall Einhorn,1.189,,170224,5,23
Writing,Writer,52573093760ee3776a3425fb,False,2,1226276,Writing,Charlie Grandy,Charlie Grandy,1.96,,170224,5,23
Writing,Writer,52573080760ee3776a340878,False,2,1213125,Writing,Paul Lieberstein,Paul Lieberstein,2.841,/oLCaNVAw5cfE5q4e0PRsmHTuHfd.jpg,170221,5,24
Directing,Director,5257307f760ee3776a340736,False,2,29009,Directing,Ken Kwapis,Ken Kwapis,1.305,,170221,5,24
Writing,Writer,52573083760ee3776a340db9,False,1,1220649,Writing,Jennifer Celotta,Jennifer Celotta,0.84,,170221,5,24
Writing,Writer,52573097760ee3776a342a14,False,0,1230850,Writing,Anthony Q. Farrell,Anthony Q. Farrell,0.6,,170221,5,24
Writing,Writer,52573091760ee3776a3424b5,False,0,1225604,Writing,Warren Lieberstein,Warren Lieberstein,0.6,,170225,5,25
Directing,Director,5257308a760ee3776a3417cf,False,2,1215572,Directing,Randall Einhorn,Randall Einhorn,1.189,,170225,5,25
Writing,Writer,52573092760ee3776a3424e9,False,2,1230848,Writing,Halsted Sullivan,Halsted Sullivan,0.6,,170225,5,25
Writing,Writer,52573080760ee3776a340878,False,2,1213125,Writing,Paul Lieberstein,Paul Lieberstein,2.841,/oLCaNVAw5cfE5q4e0PRsmHTuHfd.jpg,170227,5,26
Directing,Director,5257307f760ee3776a340736,False,2,29009,Directing,Ken Kwapis,Ken Kwapis,1.305,,170227,5,26
Writing,Writer,52573083760ee3776a340db9,False,1,1220649,Writing,Jennifer Celotta,Jennifer Celotta,0.84,,170227,5,26
Writing,Writer,52573080760ee3776a340878,False,2,1213125,Writing,Paul Lieberstein,Paul Lieberstein,2.841,/oLCaNVAw5cfE5q4e0PRsmHTuHfd.jpg,170181,6,1
Directing,Director,52573090760ee3776a342018,False,2,1213125,Writing,Paul Lieberstein,Paul Lieberstein,2.841,/oLCaNVAw5cfE5q4e0PRsmHTuHfd.jpg,170181,6,1
Directing,Director,5257308a760ee3776a3417cf,False,2,1215572,Directing,Randall Einhorn,Randall Einhorn,1.189,,170190,6,2
Writing,Writer,52573090760ee3776a3422c9,False,2,1229493,Writing,Aaron Shure,Aaron Shure,0.6,,170190,6,2
Directing,Director,52573090760ee3776a342286,False,1,1220649,Writing,Jennifer Celotta,Jennifer Celotta,0.84,,170189,6,3
Writing,Writer,52573083760ee3776a340db9,False,1,1220649,Writing,Jennifer Celotta,Jennifer Celotta,0.84,,170189,6,3
Directing,Director,52573083760ee3776a340ded,False,2,116805,Directing,Paul Feig,Paul Feig,2.553,/lcD0BkGKWKynUwtPSEDLAsFdIJX.jpg,170182,6,4
Writing,Writer,5257307d760ee3776a340339,False,2,1216630,Writing,Greg Daniels,Greg Daniels,1.4,/2Hi7Tw0fyYFOZex8BuGsHS8Q4KD.jpg,170182,6,4
Writing,Writer,5257307d760ee3776a3401b0,False,1,125167,Acting,Mindy Kaling,Mindy Kaling,3.597,/xa8dwrTPaGc3PJ9GmT02ymJEX7l.jpg,170182,6,4
Directing,Director,52573083760ee3776a340ded,False,2,116805,Directing,Paul Feig,Paul Feig,2.553,/lcD0BkGKWKynUwtPSEDLAsFdIJX.jpg,170183,6,5
Writing,Writer,5257307d760ee3776a340339,False,2,1216630,Writing,Greg Daniels,Greg Daniels,1.4,/2Hi7Tw0fyYFOZex8BuGsHS8Q4KD.jpg,170183,6,5
Writing,Writer,5257307d760ee3776a3401b0,False,1,125167,Acting,Mindy Kaling,Mindy Kaling,3.597,/xa8dwrTPaGc3PJ9GmT02ymJEX7l.jpg,170183,6,5
Writing,Writer,5257308b760ee3776a341959,False,2,1216619,Writing,Brent Forrester,Brent Forrester,1.021,,170201,6,6
Writing,Writer,52573083760ee3776a340cba,False,2,84417,Writing,Lee Eisenberg,Lee Eisenberg,0.765,/qxA2eLl3AmBKfXqeCQy7RDlZSkE.jpg,170202,6,7
Writing,Writer,52573083760ee3776a340c82,False,2,84416,Writing,Gene Stupnitsky,Gene Stupnitsky,0.732,,170202,6,7
Writing,Writer,52573091760ee3776a3424b5,False,0,1225604,Writing,Warren Lieberstein,Warren Lieberstein,0.6,,170203,6,8
Writing,Writer,52573092760ee3776a3424e9,False,2,1230848,Writing,Halsted Sullivan,Halsted Sullivan,0.6,,170203,6,8
Directing,Director,52573093760ee3776a342730,False,2,68215,Directing,Reginald Hudlin,Reginald Hudlin,2.119,/6dZrDasZcNMKYHcWJ3xxla4elZi.jpg,170203,6,8
Directing,Director,52573093760ee3776a34262f,False,2,71600,Directing,Seth Gordon,Seth Gordon,1.093,/3V2gHFkbez8iGTdlYyS9NxMujfw.jpg,170200,6,9
Writing,Writer,52573093760ee3776a3425fb,False,2,1226276,Writing,Charlie Grandy,Charlie Grandy,1.96,,170200,6,9
Directing,Director,5257307d760ee3776a34036d,False,2,1216630,Writing,Greg Daniels,Greg Daniels,1.4,/2Hi7Tw0fyYFOZex8BuGsHS8Q4KD.jpg,170185,6,10
Writing,Writer,52573093760ee3776a3426d7,False,2,1216625,Writing,Daniel Chun,Daniel Chun,1.4,/vEve4iO4pGsidxdjMdhoGL0BNWA.jpg,170185,6,10
Directing,Director,52573084760ee3776a340fa4,False,2,157771,Directing,Charles McDougall,Charles McDougall,1.4,/ty4SFTBrT7g2j9ywxuwCbpmKdND.jpg,170184,6,11
Writing,Writer,5257308f760ee3776a341e7f,False,2,1230847,Writing,Justin Spitzer,Justin Spitzer,0.758,/7LiIHJLBv6Li1lmASD6mrigtKPo.jpg,170184,6,11
Directing,Director,52573090760ee3776a342209,False,2,107770,Acting,B.J. Novak,B.J. Novak,1.706,/qsngFvN1tMvyu84atOPPsbLJc5M.jpg,170186,6,12
Writing,Writer,52573083760ee3776a340cba,False,2,84417,Writing,Lee Eisenberg,Lee Eisenberg,0.765,/qxA2eLl3AmBKfXqeCQy7RDlZSkE.jpg,170186,6,12
Writing,Writer,52573083760ee3776a340c82,False,2,84416,Writing,Gene Stupnitsky,Gene Stupnitsky,0.732,,170186,6,12
Directing,Director,5257308a760ee3776a3417cf,False,2,1215572,Directing,Randall Einhorn,Randall Einhorn,1.189,,170188,6,13
Writing,Writer,5257307d760ee3776a3401b0,False,1,125167,Acting,Mindy Kaling,Mindy Kaling,3.597,/xa8dwrTPaGc3PJ9GmT02ymJEX7l.jpg,170188,6,13
Writing,Writer,52573083760ee3776a340db9,False,1,1220649,Writing,Jennifer Celotta,Jennifer Celotta,0.84,,170191,6,15
Directing,Director,52573094760ee3776a3427a7,False,2,87742,Directing,Marc Webb,Marc Webb,2.881,/65tk6xLNEW4EG0CSrxbVeHDi03a.jpg,170204,6,16
Writing,Writer,5257307d760ee3776a3401b0,False,1,125167,Acting,Mindy Kaling,Mindy Kaling,3.597,/xa8dwrTPaGc3PJ9GmT02ymJEX7l.jpg,170204,6,16
Directing,Director,52573093760ee3776a34262f,False,2,71600,Directing,Seth Gordon,Seth Gordon,1.093,/3V2gHFkbez8iGTdlYyS9NxMujfw.jpg,170205,6,17
Directing,Director,5257308c760ee3776a341a33,False,2,1524,Directing,Harold Ramis,Harold Ramis,2.391,/ybP1eurMS1OFdKMIvA9ThNUNuh2.jpg,170205,6,17
Writing,Writer,52573093760ee3776a3425fb,False,2,1226276,Writing,Charlie Grandy,Charlie Grandy,1.96,,170205,6,17
Writing,Writer,52573093760ee3776a3426d7,False,2,1216625,Writing,Daniel Chun,Daniel Chun,1.4,/vEve4iO4pGsidxdjMdhoGL0BNWA.jpg,170205,6,17
Directing,Director,52573093760ee3776a34262f,False,2,71600,Directing,Seth Gordon,Seth Gordon,1.093,/3V2gHFkbez8iGTdlYyS9NxMujfw.jpg,170206,6,18
Directing,Director,5257308c760ee3776a341a33,False,2,1524,Directing,Harold Ramis,Harold Ramis,2.391,/ybP1eurMS1OFdKMIvA9ThNUNuh2.jpg,170206,6,18
Writing,Writer,52573093760ee3776a3425fb,False,2,1226276,Writing,Charlie Grandy,Charlie Grandy,1.96,,170206,6,18
Writing,Writer,52573093760ee3776a3426d7,False,2,1216625,Writing,Daniel Chun,Daniel Chun,1.4,/vEve4iO4pGsidxdjMdhoGL0BNWA.jpg,170206,6,18
Directing,Director,5257308a760ee3776a3417cf,False,2,1215572,Directing,Randall Einhorn,Randall Einhorn,1.189,,170195,6,19
Writing,Writer,52573091760ee3776a342426,False,0,1225966,Writing,Jonathan Hughes,Jonathan Hughes,0.6,,170195,6,19
Writing,Writer,5257308b760ee3776a341959,False,2,1216619,Writing,Brent Forrester,Brent Forrester,1.021,,170199,6,20
Writing,Writer,5257307f760ee3776a340702,False,2,107770,Acting,B.J. Novak,B.J. Novak,1.706,/qsngFvN1tMvyu84atOPPsbLJc5M.jpg,170192,6,21
Writing,Writer,5257307d760ee3776a3401b0,False,1,125167,Acting,Mindy Kaling,Mindy Kaling,3.597,/xa8dwrTPaGc3PJ9GmT02ymJEX7l.jpg,170194,6,22
Writing,Writer,5257308f760ee3776a341e7f,False,2,1230847,Writing,Justin Spitzer,Justin Spitzer,0.758,/7LiIHJLBv6Li1lmASD6mrigtKPo.jpg,170197,6,23
Directing,Director,52573093760ee3776a342542,False,1,125167,Acting,Mindy Kaling,Mindy Kaling,3.597,/xa8dwrTPaGc3PJ9GmT02ymJEX7l.jpg,170197,6,23
Writing,Writer,52573083760ee3776a340cba,False,2,84417,Writing,Lee Eisenberg,Lee Eisenberg,0.765,/qxA2eLl3AmBKfXqeCQy7RDlZSkE.jpg,170198,6,24
Writing,Writer,52573083760ee3776a340c82,False,2,84416,Writing,Gene Stupnitsky,Gene Stupnitsky,0.732,,170198,6,24
Directing,Director,52573093760ee3776a342599,False,2,11678,Acting,Rainn Wilson,Rainn Wilson,2.238,/lmy5NQsrTlbsyTrQw30gsKCZbWm.jpg,170198,6,24
Directing,Director,5257308a760ee3776a3417cf,False,2,1215572,Directing,Randall Einhorn,Randall Einhorn,1.189,,170193,6,25
Writing,Writer,52573090760ee3776a3422c9,False,2,1229493,Writing,Aaron Shure,Aaron Shure,0.6,,170193,6,25
Writing,Writer,52573091760ee3776a3424b5,False,0,1225604,Writing,Warren Lieberstein,Warren Lieberstein,0.6,,170196,6,26
Writing,Writer,52573092760ee3776a3424e9,False,2,1230848,Writing,Halsted Sullivan,Halsted Sullivan,0.6,,170196,6,26
Directing,Director,52573090760ee3776a342018,False,2,1213125,Writing,Paul Lieberstein,Paul Lieberstein,2.841,/oLCaNVAw5cfE5q4e0PRsmHTuHfd.jpg,170196,6,26
Writing,Writer,52573093760ee3776a3426d7,False,2,1216625,Writing,Daniel Chun,Daniel Chun,1.4,/vEve4iO4pGsidxdjMdhoGL0BNWA.jpg,170266,7,1
Writing,Writer,5257307f760ee3776a340702,False,2,107770,Acting,B.J. Novak,B.J. Novak,1.706,/qsngFvN1tMvyu84atOPPsbLJc5M.jpg,170268,7,2
Directing,Director,525730a1760ee3776a3438a7,False,2,194227,Directing,John Scott,John Scott,0.917,,170267,7,3
Writing,Writer,52573093760ee3776a3425fb,False,2,1226276,Writing,Charlie Grandy,Charlie Grandy,1.96,,170267,7,3
Directing,Director,52573090760ee3776a342018,False,2,1213125,Writing,Paul Lieberstein,Paul Lieberstein,2.841,/oLCaNVAw5cfE5q4e0PRsmHTuHfd.jpg,170267,7,3
Writing,Writer,52573080760ee3776a340878,False,2,1213125,Writing,Paul Lieberstein,Paul Lieberstein,2.841,/oLCaNVAw5cfE5q4e0PRsmHTuHfd.jpg,170269,7,4
Directing,Director,52573090760ee3776a342018,False,2,1213125,Writing,Paul Lieberstein,Paul Lieberstein,2.841,/oLCaNVAw5cfE5q4e0PRsmHTuHfd.jpg,170269,7,4
Directing,Director,5257308a760ee3776a3417cf,False,2,1215572,Directing,Randall Einhorn,Randall Einhorn,1.189,,170270,7,5
Writing,Writer,5257307d760ee3776a3401b0,False,1,125167,Acting,Mindy Kaling,Mindy Kaling,3.597,/xa8dwrTPaGc3PJ9GmT02ymJEX7l.jpg,170270,7,5
Writing,Writer,5257308f760ee3776a341e7f,False,2,1230847,Writing,Justin Spitzer,Justin Spitzer,0.758,/7LiIHJLBv6Li1lmASD6mrigtKPo.jpg,170271,7,6
Directing,Director,5baecc479251413cec000f87,False,2,1290146,Directing,Dean Holland,Dean Holland,0.6,,170271,7,6
Directing,Director,525730a3760ee3776a343a52,False,2,1223146,Directing,Alex Hardcastle,Alex Hardcastle,0.629,,170272,7,7
Writing,Writer,525730a3760ee3776a343a1e,False,2,1230854,Writing,Peter Ocko,Peter Ocko,0.6,,170272,7,7
Directing,Director,52573080760ee3776a3408ac,False,2,1212689,Directing,Ken Whittingham,Ken Whittingham,2.628,/tu5mskTc5wEvCzSyQJHPKKTcETI.jpg,170273,7,8
Writing,Writer,525730a4760ee3776a343a95,False,2,239,Writing,Jon Vitti,Jon Vitti,2.478,/yoljNk80dUPs5sftsPHiDf31kQ9.jpg,170273,7,8
Directing,Director,525730a4760ee3776a343b45,False,2,56591,Directing,Danny Leiner,Danny Leiner,1.4,,170275,7,9
Writing,Writer,52573090760ee3776a3422c9,False,2,1229493,Writing,Aaron Shure,Aaron Shure,0.6,,170275,7,9
Writing,Writer,52573091760ee3776a3424b5,False,0,1225604,Writing,Warren Lieberstein,Warren Lieberstein,0.6,,170274,7,10
Writing,Writer,52573092760ee3776a3424e9,False,2,1230848,Writing,Halsted Sullivan,Halsted Sullivan,0.6,,170274,7,10
Directing,Director,52573084760ee3776a340fa4,False,2,157771,Directing,Charles McDougall,Charles McDougall,1.4,/ty4SFTBrT7g2j9ywxuwCbpmKdND.jpg,170274,7,10
Writing,Writer,5257307d760ee3776a3401b0,False,1,125167,Acting,Mindy Kaling,Mindy Kaling,3.597,/xa8dwrTPaGc3PJ9GmT02ymJEX7l.jpg,170285,7,11
Directing,Director,52573093760ee3776a342599,False,2,11678,Acting,Rainn Wilson,Rainn Wilson,2.238,/lmy5NQsrTlbsyTrQw30gsKCZbWm.jpg,170285,7,11
Writing,Writer,5257307d760ee3776a3401b0,False,1,125167,Acting,Mindy Kaling,Mindy Kaling,3.597,/xa8dwrTPaGc3PJ9GmT02ymJEX7l.jpg,170284,7,12
Directing,Director,52573093760ee3776a342599,False,2,11678,Acting,Rainn Wilson,Rainn Wilson,2.238,/lmy5NQsrTlbsyTrQw30gsKCZbWm.jpg,170284,7,12
Directing,Director,52573090760ee3776a342209,False,2,107770,Acting,B.J. Novak,B.J. Novak,1.706,/qsngFvN1tMvyu84atOPPsbLJc5M.jpg,170276,7,14
Writing,Writer,525730a4760ee3776a343bba,False,0,1217228,Writing,Steve Hely,Steve Hely,0.6,,170276,7,14
Directing,Director,525730a4760ee3776a343c2c,False,2,65506,Directing,Michael Spiller,Michael Spiller,1.276,/qpK5EijOHIjGpFMSdHsEXOV8v53.jpg,170278,7,15
Writing,Writer,5257308b760ee3776a341959,False,2,1216619,Writing,Brent Forrester,Brent Forrester,1.021,,170278,7,15
Directing,Director,5257307d760ee3776a34036d,False,2,1216630,Writing,Greg Daniels,Greg Daniels,1.4,/2Hi7Tw0fyYFOZex8BuGsHS8Q4KD.jpg,170279,7,16
Writing,Writer,5257307f760ee3776a340702,False,2,107770,Acting,B.J. Novak,B.J. Novak,1.706,/qsngFvN1tMvyu84atOPPsbLJc5M.jpg,170265,7,17
Directing,Director,5257308b760ee3776a341869,False,2,1212609,Directing,Tucker Gates,Tucker Gates,2.823,/fZTqgwbg6VWMz3VwoGrtMocg2xV.jpg,170265,7,17
Directing,Director,5257308a760ee3776a3417cf,False,2,1215572,Directing,Randall Einhorn,Randall Einhorn,1.189,,170282,7,18
Writing,Writer,525730a4760ee3776a343a95,False,2,239,Writing,Jon Vitti,Jon Vitti,2.478,/yoljNk80dUPs5sftsPHiDf31kQ9.jpg,170280,7,19
Directing,Director,52573090760ee3776a342018,False,2,1213125,Writing,Paul Lieberstein,Paul Lieberstein,2.841,/oLCaNVAw5cfE5q4e0PRsmHTuHfd.jpg,170283,7,20
Writing,Writer,52573093760ee3776a3426d7,False,2,1216625,Writing,Daniel Chun,Daniel Chun,1.4,/vEve4iO4pGsidxdjMdhoGL0BNWA.jpg,170283,7,20
Writing,Writer,5257307d760ee3776a3401b0,False,1,125167,Acting,Mindy Kaling,Mindy Kaling,3.597,/xa8dwrTPaGc3PJ9GmT02ymJEX7l.jpg,170289,7,21
Directing,Director,52573093760ee3776a342542,False,1,125167,Acting,Mindy Kaling,Mindy Kaling,3.597,/xa8dwrTPaGc3PJ9GmT02ymJEX7l.jpg,170289,7,21
Directing,Director,52573083760ee3776a340ded,False,2,116805,Directing,Paul Feig,Paul Feig,2.553,/lcD0BkGKWKynUwtPSEDLAsFdIJX.jpg,170281,7,22
Writing,Writer,5257307d760ee3776a340339,False,2,1216630,Writing,Greg Daniels,Greg Daniels,1.4,/2Hi7Tw0fyYFOZex8BuGsHS8Q4KD.jpg,170281,7,22
Directing,Director,52573093760ee3776a342542,False,1,125167,Acting,Mindy Kaling,Mindy Kaling,3.597,/xa8dwrTPaGc3PJ9GmT02ymJEX7l.jpg,170281,7,22
Writing,Writer,52573093760ee3776a3425fb,False,2,1226276,Writing,Charlie Grandy,Charlie Grandy,1.96,,170286,7,23
Directing,Director,525730a6760ee3776a343f3b,False,2,58868,Directing,Troy Miller,Troy Miller,1.48,,170290,7,24
Writing,Writer,5257308f760ee3776a341e7f,False,2,1230847,Writing,Justin Spitzer,Justin Spitzer,0.758,/7LiIHJLBv6Li1lmASD6mrigtKPo.jpg,170290,7,24
Writing,Writer,52573080760ee3776a340878,False,2,1213125,Writing,Paul Lieberstein,Paul Lieberstein,2.841,/oLCaNVAw5cfE5q4e0PRsmHTuHfd.jpg,170287,7,25
Writing,Writer,52573080760ee3776a340878,False,2,1213125,Writing,Paul Lieberstein,Paul Lieberstein,2.841,/oLCaNVAw5cfE5q4e0PRsmHTuHfd.jpg,170288,7,26
Writing,Writer,5257307f760ee3776a340702,False,2,107770,Acting,B.J. Novak,B.J. Novak,1.706,/qsngFvN1tMvyu84atOPPsbLJc5M.jpg,170291,8,1
Directing,Director,52573090760ee3776a342209,False,2,107770,Acting,B.J. Novak,B.J. Novak,1.706,/qsngFvN1tMvyu84atOPPsbLJc5M.jpg,170291,8,1
Writing,Writer,52573080760ee3776a340878,False,2,1213125,Writing,Paul Lieberstein,Paul Lieberstein,2.841,/oLCaNVAw5cfE5q4e0PRsmHTuHfd.jpg,170311,8,2
Directing,Director,52573084760ee3776a340fa4,False,2,157771,Directing,Charles McDougall,Charles McDougall,1.4,/ty4SFTBrT7g2j9ywxuwCbpmKdND.jpg,170311,8,2
Writing,Writer,52573093760ee3776a3425fb,False,2,1226276,Writing,Charlie Grandy,Charlie Grandy,1.96,,170292,8,3
Writing,Writer,5257308f760ee3776a341e7f,False,2,1230847,Writing,Justin Spitzer,Justin Spitzer,0.758,/7LiIHJLBv6Li1lmASD6mrigtKPo.jpg,170292,8,3
Writing,Writer,5257308f760ee3776a341e7f,False,2,1230847,Writing,Justin Spitzer,Justin Spitzer,0.758,/7LiIHJLBv6Li1lmASD6mrigtKPo.jpg,170293,8,4
Directing,Director,5257308a760ee3776a3417cf,False,2,1215572,Directing,Randall Einhorn,Randall Einhorn,1.189,,170294,8,5
Directing,Director,525730a6760ee3776a343f3b,False,2,58868,Directing,Troy Miller,Troy Miller,1.48,,170295,8,6
Writing,Writer,52573093760ee3776a3426d7,False,2,1216625,Writing,Daniel Chun,Daniel Chun,1.4,/vEve4iO4pGsidxdjMdhoGL0BNWA.jpg,170295,8,6
Writing,Writer,525730a7760ee3776a34432c,False,0,1230201,Writing,Allison Silverman,Allison Silverman,0.6,,170313,8,7
Writing,Writer,525730a7760ee3776a3442e7,False,2,1216623,Writing,Dan Greaney,Dan Greaney,1.553,,170312,8,9
Writing,Writer,5257307d760ee3776a3401b0,False,1,125167,Acting,Mindy Kaling,Mindy Kaling,3.597,/xa8dwrTPaGc3PJ9GmT02ymJEX7l.jpg,170296,8,10
Directing,Director,52573090760ee3776a342209,False,2,107770,Acting,B.J. Novak,B.J. Novak,1.706,/qsngFvN1tMvyu84atOPPsbLJc5M.jpg,170297,8,11
Writing,Writer,525730a4760ee3776a343bba,False,0,1217228,Writing,Steve Hely,Steve Hely,0.6,,170297,8,11
Directing,Director,52573084760ee3776a340fa4,False,2,157771,Directing,Charles McDougall,Charles McDougall,1.4,/ty4SFTBrT7g2j9ywxuwCbpmKdND.jpg,170298,8,12
Writing,Writer,52573090760ee3776a3422c9,False,2,1229493,Writing,Aaron Shure,Aaron Shure,0.6,,170299,8,13
Writing,Writer,52573093760ee3776a3426d7,False,2,1216625,Writing,Daniel Chun,Daniel Chun,1.4,/vEve4iO4pGsidxdjMdhoGL0BNWA.jpg,170301,8,15
Writing,Writer,52573091760ee3776a3424b5,False,0,1225604,Writing,Warren Lieberstein,Warren Lieberstein,0.6,,170302,8,16
Writing,Writer,52573092760ee3776a3424e9,False,2,1230848,Writing,Halsted Sullivan,Halsted Sullivan,0.6,,170302,8,16
Writing,Writer,5257307d760ee3776a3401b0,False,1,125167,Acting,Mindy Kaling,Mindy Kaling,3.597,/xa8dwrTPaGc3PJ9GmT02ymJEX7l.jpg,170304,8,17
Writing,Writer,52573093760ee3776a3425fb,False,2,1226276,Writing,Charlie Grandy,Charlie Grandy,1.96,,170306,8,19
Directing,Director,52573093760ee3776a342599,False,2,11678,Acting,Rainn Wilson,Rainn Wilson,2.238,/lmy5NQsrTlbsyTrQw30gsKCZbWm.jpg,170306,8,19
Writing,Writer,525730a4760ee3776a343bba,False,0,1217228,Writing,Steve Hely,Steve Hely,0.6,,170305,8,20
Writing,Writer,5257308f760ee3776a341e7f,False,2,1230847,Writing,Justin Spitzer,Justin Spitzer,0.758,/7LiIHJLBv6Li1lmASD6mrigtKPo.jpg,170308,8,21
Writing,Writer,52573091760ee3776a3424b5,False,0,1225604,Writing,Warren Lieberstein,Warren Lieberstein,0.6,,170309,8,23
Writing,Writer,52573092760ee3776a3424e9,False,2,1230848,Writing,Halsted Sullivan,Halsted Sullivan,0.6,,170309,8,23
Writing,Writer,5257307f760ee3776a340702,False,2,107770,Acting,B.J. Novak,B.J. Novak,1.706,/qsngFvN1tMvyu84atOPPsbLJc5M.jpg,170310,8,24
Directing,Director,52573090760ee3776a342209,False,2,107770,Acting,B.J. Novak,B.J. Novak,1.706,/qsngFvN1tMvyu84atOPPsbLJc5M.jpg,170310,8,24
Directing,Director,5257307d760ee3776a34036d,False,2,1216630,Writing,Greg Daniels,Greg Daniels,1.4,/2Hi7Tw0fyYFOZex8BuGsHS8Q4KD.jpg,170315,9,1
Writing,Writer,5257307d760ee3776a340339,False,2,1216630,Writing,Greg Daniels,Greg Daniels,1.4,/2Hi7Tw0fyYFOZex8BuGsHS8Q4KD.jpg,170315,9,1
Writing,Writer,525730a7760ee3776a34432c,False,0,1230201,Writing,Allison Silverman,Allison Silverman,0.6,,170316,9,2
Writing,Writer,5257308b760ee3776a341959,False,2,1216619,Writing,Brent Forrester,Brent Forrester,1.021,,170318,9,4
Directing,Director,525730a8760ee3776a344422,False,2,17419,Acting,Bryan Cranston,Bryan Cranston,11.685,/7Jahy5LZX2Fo8fGJltMreAI49hC.jpg,170318,9,4
Writing,Writer,525730a8760ee3776a344479,False,2,1221087,Writing,Dan Sterling,Dan Sterling,0.6,,170319,9,6
Directing,Director,525730a8760ee3776a3444c0,False,2,50719,Directing,Rodman Flender,Rodman Flender,1.38,,170320,9,7
Directing,Director,52573084760ee3776a340fa4,False,2,157771,Directing,Charles McDougall,Charles McDougall,1.4,/ty4SFTBrT7g2j9ywxuwCbpmKdND.jpg,170322,9,9
Directing,Director,525730a8760ee3776a3444c0,False,2,50719,Directing,Rodman Flender,Rodman Flender,1.38,,170323,9,10
Writing,Writer,525730a7760ee3776a3442e7,False,2,1216623,Writing,Dan Greaney,Dan Greaney,1.553,,170325,9,11
Directing,Director,525730a8760ee3776a3445ed,False,2,15277,Acting,Jon Favreau,Jon Favreau,5.787,/8MtRRnEHaBSw8Ztdl8saXiw1egP.jpg,170329,9,16
Writing,Writer,52573080760ee3776a340878,False,2,1213125,Writing,Paul Lieberstein,Paul Lieberstein,2.841,/oLCaNVAw5cfE5q4e0PRsmHTuHfd.jpg,170328,9,17
Directing,Director,52573090760ee3776a342018,False,2,1213125,Writing,Paul Lieberstein,Paul Lieberstein,2.841,/oLCaNVAw5cfE5q4e0PRsmHTuHfd.jpg,170328,9,17
Directing,Director,52573090760ee3776a342286,False,1,1220649,Writing,Jennifer Celotta,Jennifer Celotta,0.84,,170333,9,18
Crew,Supervisor of Production Resources,54bfa6de92514148f000d099,False,2,1416512,Production,Owen Ellickson,Owen Ellickson,0.6,,170332,9,19
